Date,Region,Case_Count
2020-01-29,PrinceGeorgeArea,0
2020-01-30,PrinceGeorgeArea,0
2020-01-31,PrinceGeorgeArea,0
2020-02-01,PrinceGeorgeArea,0
2020-02-02,PrinceGeorgeArea,0
2020-02-03,PrinceGeorgeArea,0
2020-02-04,PrinceGeorgeArea,0
2020-02-05,PrinceGeorgeArea,0
2020-02-06,PrinceGeorgeArea,0
2020-02-07,PrinceGeorgeArea,0
2020-02-08,PrinceGeorgeArea,0
2020-02-09,PrinceGeorgeArea,0
2020-02-10,PrinceGeorgeArea,0
2020-02-11,PrinceGeorgeArea,0
2020-02-12,PrinceGeorgeArea,0
2020-02-13,PrinceGeorgeArea,0
2020-02-14,PrinceGeorgeArea,0
2020-02-15,PrinceGeorgeArea,0
2020-02-16,PrinceGeorgeArea,0
2020-02-17,PrinceGeorgeArea,0
2020-02-18,PrinceGeorgeArea,0
2020-02-19,PrinceGeorgeArea,0
2020-02-20,PrinceGeorgeArea,0
2020-02-21,PrinceGeorgeArea,0
2020-02-22,PrinceGeorgeArea,0
2020-02-23,PrinceGeorgeArea,0
2020-02-24,PrinceGeorgeArea,0
2020-02-25,PrinceGeorgeArea,0
2020-02-26,PrinceGeorgeArea,0
2020-02-27,PrinceGeorgeArea,0
2020-02-28,PrinceGeorgeArea,0
2020-02-29,PrinceGeorgeArea,0
2020-03-01,PrinceGeorgeArea,0
2020-03-02,PrinceGeorgeArea,0
2020-03-03,PrinceGeorgeArea,0
2020-03-04,PrinceGeorgeArea,0
2020-03-05,PrinceGeorgeArea,0
2020-03-06,PrinceGeorgeArea,0
2020-03-07,PrinceGeorgeArea,0
2020-03-08,PrinceGeorgeArea,0
2020-03-09,PrinceGeorgeArea,0
2020-03-10,PrinceGeorgeArea,0
2020-03-11,PrinceGeorgeArea,0
2020-03-12,PrinceGeorgeArea,0
2020-03-13,PrinceGeorgeArea,0
2020-03-14,PrinceGeorgeArea,1
2020-03-15,PrinceGeorgeArea,0
2020-03-16,PrinceGeorgeArea,0
2020-03-17,PrinceGeorgeArea,0
2020-03-18,PrinceGeorgeArea,0
2020-03-19,PrinceGeorgeArea,0
2020-03-20,PrinceGeorgeArea,0
2020-03-21,PrinceGeorgeArea,1
2020-03-22,PrinceGeorgeArea,0
2020-03-23,PrinceGeorgeArea,1
2020-03-24,PrinceGeorgeArea,0
2020-03-25,PrinceGeorgeArea,0
2020-03-26,PrinceGeorgeArea,0
2020-03-27,PrinceGeorgeArea,0
2020-03-28,PrinceGeorgeArea,0
2020-03-29,PrinceGeorgeArea,0
2020-03-30,PrinceGeorgeArea,1
2020-03-31,PrinceGeorgeArea,1
2020-04-01,PrinceGeorgeArea,0
2020-04-02,PrinceGeorgeArea,2
2020-04-03,PrinceGeorgeArea,0
2020-04-04,PrinceGeorgeArea,0
2020-04-05,PrinceGeorgeArea,0
2020-04-06,PrinceGeorgeArea,0
2020-04-07,PrinceGeorgeArea,0
2020-04-08,PrinceGeorgeArea,0
2020-04-09,PrinceGeorgeArea,0
2020-04-10,PrinceGeorgeArea,0
2020-04-11,PrinceGeorgeArea,0
2020-04-12,PrinceGeorgeArea,0
2020-04-13,PrinceGeorgeArea,0
2020-04-14,PrinceGeorgeArea,3
2020-04-15,PrinceGeorgeArea,0
2020-04-16,PrinceGeorgeArea,1
2020-04-17,PrinceGeorgeArea,0
2020-04-18,PrinceGeorgeArea,3
2020-04-19,PrinceGeorgeArea,1
2020-04-20,PrinceGeorgeArea,0
2020-04-21,PrinceGeorgeArea,0
2020-04-22,PrinceGeorgeArea,1
2020-04-23,PrinceGeorgeArea,0
2020-04-24,PrinceGeorgeArea,0
2020-04-25,PrinceGeorgeArea,0
2020-04-26,PrinceGeorgeArea,0
2020-04-27,PrinceGeorgeArea,3
2020-04-28,PrinceGeorgeArea,1
2020-04-29,PrinceGeorgeArea,0
2020-04-30,PrinceGeorgeArea,3
2020-05-01,PrinceGeorgeArea,0
2020-05-02,PrinceGeorgeArea,1
2020-05-03,PrinceGeorgeArea,0
2020-05-04,PrinceGeorgeArea,0
2020-05-05,PrinceGeorgeArea,3
2020-05-06,PrinceGeorgeArea,0
2020-05-07,PrinceGeorgeArea,1
2020-05-08,PrinceGeorgeArea,1
2020-05-09,PrinceGeorgeArea,0
2020-05-10,PrinceGeorgeArea,1
2020-05-11,PrinceGeorgeArea,0
2020-05-12,PrinceGeorgeArea,0
2020-05-13,PrinceGeorgeArea,0
2020-05-14,PrinceGeorgeArea,0
2020-05-15,PrinceGeorgeArea,1
2020-05-16,PrinceGeorgeArea,1
2020-05-17,PrinceGeorgeArea,0
2020-05-18,PrinceGeorgeArea,0
2020-05-19,PrinceGeorgeArea,0
2020-05-20,PrinceGeorgeArea,0
2020-05-21,PrinceGeorgeArea,2
2020-05-22,PrinceGeorgeArea,0
2020-05-23,PrinceGeorgeArea,0
2020-05-24,PrinceGeorgeArea,0
2020-05-25,PrinceGeorgeArea,0
2020-05-26,PrinceGeorgeArea,1
2020-05-27,PrinceGeorgeArea,0
2020-05-28,PrinceGeorgeArea,0
2020-05-29,PrinceGeorgeArea,1
2020-05-30,PrinceGeorgeArea,0
2020-05-31,PrinceGeorgeArea,0
2020-06-01,PrinceGeorgeArea,0
2020-06-02,PrinceGeorgeArea,0
2020-06-03,PrinceGeorgeArea,0
2020-06-04,PrinceGeorgeArea,0
2020-06-05,PrinceGeorgeArea,0
2020-06-06,PrinceGeorgeArea,0
2020-06-07,PrinceGeorgeArea,0
2020-06-08,PrinceGeorgeArea,0
2020-06-09,PrinceGeorgeArea,0
2020-06-10,PrinceGeorgeArea,0
2020-06-11,PrinceGeorgeArea,0
2020-06-12,PrinceGeorgeArea,0
2020-06-13,PrinceGeorgeArea,0
2020-06-14,PrinceGeorgeArea,0
2020-06-15,PrinceGeorgeArea,0
2020-06-16,PrinceGeorgeArea,0
2020-06-17,PrinceGeorgeArea,0
2020-06-18,PrinceGeorgeArea,0
2020-06-19,PrinceGeorgeArea,0
2020-06-20,PrinceGeorgeArea,0
2020-06-21,PrinceGeorgeArea,0
2020-06-22,PrinceGeorgeArea,0
2020-06-23,PrinceGeorgeArea,0
2020-06-24,PrinceGeorgeArea,0
2020-06-25,PrinceGeorgeArea,0
2020-06-26,PrinceGeorgeArea,0
2020-06-27,PrinceGeorgeArea,0
2020-06-28,PrinceGeorgeArea,0
2020-06-29,PrinceGeorgeArea,0
2020-06-30,PrinceGeorgeArea,0
2020-07-01,PrinceGeorgeArea,0
2020-07-02,PrinceGeorgeArea,0
2020-07-03,PrinceGeorgeArea,0
2020-07-04,PrinceGeorgeArea,0
2020-07-05,PrinceGeorgeArea,0
2020-07-06,PrinceGeorgeArea,0
2020-07-07,PrinceGeorgeArea,0
2020-07-08,PrinceGeorgeArea,0
2020-07-09,PrinceGeorgeArea,0
2020-07-10,PrinceGeorgeArea,0
2020-07-11,PrinceGeorgeArea,0
2020-07-12,PrinceGeorgeArea,0
2020-07-13,PrinceGeorgeArea,0
2020-07-14,PrinceGeorgeArea,0
2020-07-15,PrinceGeorgeArea,0
2020-07-16,PrinceGeorgeArea,0
2020-07-17,PrinceGeorgeArea,0
2020-07-18,PrinceGeorgeArea,0
2020-07-19,PrinceGeorgeArea,0
2020-07-20,PrinceGeorgeArea,0
2020-07-21,PrinceGeorgeArea,0
2020-07-22,PrinceGeorgeArea,0
2020-07-23,PrinceGeorgeArea,0
2020-07-24,PrinceGeorgeArea,0
2020-07-25,PrinceGeorgeArea,0
2020-07-26,PrinceGeorgeArea,0
2020-07-27,PrinceGeorgeArea,0
2020-07-28,PrinceGeorgeArea,0
2020-07-29,PrinceGeorgeArea,0
2020-07-30,PrinceGeorgeArea,0
2020-07-31,PrinceGeorgeArea,0
2020-08-01,PrinceGeorgeArea,0
2020-08-02,PrinceGeorgeArea,0
2020-08-03,PrinceGeorgeArea,0
2020-08-04,PrinceGeorgeArea,0
2020-08-05,PrinceGeorgeArea,0
2020-08-06,PrinceGeorgeArea,0
2020-08-07,PrinceGeorgeArea,0
2020-08-08,PrinceGeorgeArea,0
2020-08-09,PrinceGeorgeArea,0
2020-08-10,PrinceGeorgeArea,0
2020-08-11,PrinceGeorgeArea,0
2020-08-12,PrinceGeorgeArea,0
2020-08-13,PrinceGeorgeArea,0
2020-08-14,PrinceGeorgeArea,0
2020-08-15,PrinceGeorgeArea,0
2020-08-16,PrinceGeorgeArea,0
2020-08-17,PrinceGeorgeArea,1
2020-08-18,PrinceGeorgeArea,0
2020-08-19,PrinceGeorgeArea,0
2020-08-20,PrinceGeorgeArea,0
2020-08-21,PrinceGeorgeArea,2
2020-08-22,PrinceGeorgeArea,0
2020-08-23,PrinceGeorgeArea,0
2020-08-24,PrinceGeorgeArea,0
2020-08-25,PrinceGeorgeArea,1
2020-08-26,PrinceGeorgeArea,1
2020-08-27,PrinceGeorgeArea,1
2020-08-28,PrinceGeorgeArea,0
2020-08-29,PrinceGeorgeArea,0
2020-08-30,PrinceGeorgeArea,0
2020-08-31,PrinceGeorgeArea,1
2020-09-01,PrinceGeorgeArea,0
2020-09-02,PrinceGeorgeArea,0
2020-09-03,PrinceGeorgeArea,0
2020-09-04,PrinceGeorgeArea,0
2020-09-05,PrinceGeorgeArea,1
2020-09-06,PrinceGeorgeArea,0
2020-09-07,PrinceGeorgeArea,1
2020-09-08,PrinceGeorgeArea,2
2020-09-09,PrinceGeorgeArea,2
2020-09-10,PrinceGeorgeArea,0
2020-09-11,PrinceGeorgeArea,1
2020-09-12,PrinceGeorgeArea,1
2020-09-13,PrinceGeorgeArea,2
2020-09-14,PrinceGeorgeArea,10
2020-09-15,PrinceGeorgeArea,3
2020-09-16,PrinceGeorgeArea,1
2020-09-17,PrinceGeorgeArea,3
2020-09-18,PrinceGeorgeArea,4
2020-09-19,PrinceGeorgeArea,0
2020-09-20,PrinceGeorgeArea,2
2020-09-21,PrinceGeorgeArea,2
2020-09-22,PrinceGeorgeArea,6
2020-09-23,PrinceGeorgeArea,3
2020-09-24,PrinceGeorgeArea,3
2020-09-25,PrinceGeorgeArea,1
2020-09-26,PrinceGeorgeArea,2
2020-09-27,PrinceGeorgeArea,2
2020-09-28,PrinceGeorgeArea,3
2020-09-29,PrinceGeorgeArea,2
2020-09-30,PrinceGeorgeArea,1
2020-10-01,PrinceGeorgeArea,3
2020-10-02,PrinceGeorgeArea,1
2020-10-03,PrinceGeorgeArea,0
2020-10-04,PrinceGeorgeArea,2
2020-10-05,PrinceGeorgeArea,1
2020-10-06,PrinceGeorgeArea,0
2020-10-07,PrinceGeorgeArea,3
2020-10-08,PrinceGeorgeArea,1
2020-10-09,PrinceGeorgeArea,4
2020-10-10,PrinceGeorgeArea,1
2020-10-11,PrinceGeorgeArea,0
2020-10-12,PrinceGeorgeArea,0
2020-10-13,PrinceGeorgeArea,3
2020-10-14,PrinceGeorgeArea,1
2020-10-15,PrinceGeorgeArea,2
2020-10-16,PrinceGeorgeArea,1
2020-10-17,PrinceGeorgeArea,0
2020-10-18,PrinceGeorgeArea,0
2020-10-19,PrinceGeorgeArea,0
2020-10-20,PrinceGeorgeArea,0
2020-10-21,PrinceGeorgeArea,0
2020-10-22,PrinceGeorgeArea,1
2020-10-23,PrinceGeorgeArea,0
2020-10-24,PrinceGeorgeArea,1
2020-10-25,PrinceGeorgeArea,0
2020-10-26,PrinceGeorgeArea,3
2020-10-27,PrinceGeorgeArea,6
2020-10-28,PrinceGeorgeArea,4
2020-10-29,PrinceGeorgeArea,4
2020-10-30,PrinceGeorgeArea,3
2020-10-31,PrinceGeorgeArea,1
2020-11-01,PrinceGeorgeArea,0
2020-11-02,PrinceGeorgeArea,1
2020-11-03,PrinceGeorgeArea,8
2020-11-04,PrinceGeorgeArea,4
2020-11-05,PrinceGeorgeArea,5
2020-11-06,PrinceGeorgeArea,3
2020-11-07,PrinceGeorgeArea,2
2020-11-08,PrinceGeorgeArea,6
2020-11-09,PrinceGeorgeArea,1
2020-11-10,PrinceGeorgeArea,10
2020-11-11,PrinceGeorgeArea,5
2020-11-12,PrinceGeorgeArea,1
2020-11-13,PrinceGeorgeArea,4
2020-11-14,PrinceGeorgeArea,4
2020-11-15,PrinceGeorgeArea,9
2020-11-16,PrinceGeorgeArea,6
2020-11-17,PrinceGeorgeArea,4
2020-11-18,PrinceGeorgeArea,16
2020-11-19,PrinceGeorgeArea,9
2020-11-20,PrinceGeorgeArea,17
2020-11-21,PrinceGeorgeArea,9
2020-11-22,PrinceGeorgeArea,13
2020-11-23,PrinceGeorgeArea,18
2020-11-24,PrinceGeorgeArea,22
2020-11-25,PrinceGeorgeArea,18
2020-11-26,PrinceGeorgeArea,11
2020-11-27,PrinceGeorgeArea,24
2020-11-28,PrinceGeorgeArea,13
2020-11-29,PrinceGeorgeArea,6
2020-11-30,PrinceGeorgeArea,30
2020-12-01,PrinceGeorgeArea,14
2020-12-02,PrinceGeorgeArea,32
2020-12-03,PrinceGeorgeArea,22
2020-12-04,PrinceGeorgeArea,25
2020-12-05,PrinceGeorgeArea,28
2020-12-06,PrinceGeorgeArea,8
2020-12-07,PrinceGeorgeArea,13
2020-12-08,PrinceGeorgeArea,33
2020-12-09,PrinceGeorgeArea,21
2020-12-10,PrinceGeorgeArea,23
2020-12-11,PrinceGeorgeArea,21
2020-12-12,PrinceGeorgeArea,26
2020-12-13,PrinceGeorgeArea,13
2020-12-14,PrinceGeorgeArea,25
2020-12-15,PrinceGeorgeArea,22
2020-12-16,PrinceGeorgeArea,24
2020-12-17,PrinceGeorgeArea,26
2020-12-18,PrinceGeorgeArea,27
2020-12-19,PrinceGeorgeArea,14
2020-12-20,PrinceGeorgeArea,11
2020-12-21,PrinceGeorgeArea,23
2020-12-22,PrinceGeorgeArea,8
2020-12-23,PrinceGeorgeArea,33
2020-12-24,PrinceGeorgeArea,24
2020-12-25,PrinceGeorgeArea,25
2020-12-26,PrinceGeorgeArea,11
2020-12-27,PrinceGeorgeArea,25
2020-12-28,PrinceGeorgeArea,10
2020-12-29,PrinceGeorgeArea,28
2020-12-30,PrinceGeorgeArea,26
2020-12-31,PrinceGeorgeArea,22
2021-01-01,PrinceGeorgeArea,18
2021-01-02,PrinceGeorgeArea,22
2021-01-03,PrinceGeorgeArea,17
2021-01-04,PrinceGeorgeArea,22
2021-01-05,PrinceGeorgeArea,17
2021-01-06,PrinceGeorgeArea,42
2021-01-07,PrinceGeorgeArea,20
2021-01-08,PrinceGeorgeArea,21
2021-01-09,PrinceGeorgeArea,16
2021-01-10,PrinceGeorgeArea,21
2021-01-11,PrinceGeorgeArea,28
2021-01-12,PrinceGeorgeArea,17
2021-01-13,PrinceGeorgeArea,18
2021-01-14,PrinceGeorgeArea,12
2021-01-15,PrinceGeorgeArea,31
2021-01-16,PrinceGeorgeArea,16
2021-01-17,PrinceGeorgeArea,12
2021-01-18,PrinceGeorgeArea,11
2021-01-19,PrinceGeorgeArea,11
2021-01-20,PrinceGeorgeArea,15
2021-01-21,PrinceGeorgeArea,15
2021-01-22,PrinceGeorgeArea,4
2021-01-23,PrinceGeorgeArea,10
2021-01-24,PrinceGeorgeArea,10
2021-01-25,PrinceGeorgeArea,7
2021-01-26,PrinceGeorgeArea,11
2021-01-27,PrinceGeorgeArea,15
2021-01-28,PrinceGeorgeArea,14
2021-01-29,PrinceGeorgeArea,16
2021-01-30,PrinceGeorgeArea,18
2021-01-31,PrinceGeorgeArea,10
2021-02-01,PrinceGeorgeArea,11
2021-02-02,PrinceGeorgeArea,14
2021-02-03,PrinceGeorgeArea,18
2021-02-04,PrinceGeorgeArea,24
2021-02-05,PrinceGeorgeArea,5
2021-02-06,PrinceGeorgeArea,30
2021-02-07,PrinceGeorgeArea,7
2021-02-08,PrinceGeorgeArea,14
2021-02-09,PrinceGeorgeArea,15
2021-02-10,PrinceGeorgeArea,10
2021-02-11,PrinceGeorgeArea,7
2021-02-12,PrinceGeorgeArea,27
2021-02-13,PrinceGeorgeArea,14
2021-02-14,PrinceGeorgeArea,10
2021-02-15,PrinceGeorgeArea,3
2021-02-16,PrinceGeorgeArea,2
2021-02-17,PrinceGeorgeArea,41
2021-02-18,PrinceGeorgeArea,3
2021-02-19,PrinceGeorgeArea,9
2021-02-20,PrinceGeorgeArea,10
2021-02-21,PrinceGeorgeArea,12
2021-02-22,PrinceGeorgeArea,4
2021-02-23,PrinceGeorgeArea,7
2021-02-24,PrinceGeorgeArea,7
2021-02-25,PrinceGeorgeArea,3
2021-02-26,PrinceGeorgeArea,4
2021-02-27,PrinceGeorgeArea,0
2021-02-28,PrinceGeorgeArea,3
2021-03-01,PrinceGeorgeArea,1
2021-03-02,PrinceGeorgeArea,5
2021-03-03,PrinceGeorgeArea,3
2021-03-04,PrinceGeorgeArea,9
2021-03-05,PrinceGeorgeArea,6
2021-03-06,PrinceGeorgeArea,2
2021-03-07,PrinceGeorgeArea,1
2021-03-08,PrinceGeorgeArea,5
2021-03-09,PrinceGeorgeArea,9
2021-03-10,PrinceGeorgeArea,9
2021-03-11,PrinceGeorgeArea,5
2021-03-12,PrinceGeorgeArea,3
2021-03-13,PrinceGeorgeArea,7
2021-03-14,PrinceGeorgeArea,4
2021-03-15,PrinceGeorgeArea,5
2021-03-16,PrinceGeorgeArea,3
2021-03-17,PrinceGeorgeArea,7
2021-03-18,PrinceGeorgeArea,10
2021-03-19,PrinceGeorgeArea,9
2021-03-20,PrinceGeorgeArea,7
2021-03-21,PrinceGeorgeArea,6
2021-03-22,PrinceGeorgeArea,5
2021-03-23,PrinceGeorgeArea,5
2021-03-24,PrinceGeorgeArea,12
2021-03-25,PrinceGeorgeArea,19
2021-03-26,PrinceGeorgeArea,11
2021-03-27,PrinceGeorgeArea,7
2021-03-28,PrinceGeorgeArea,4
2021-03-29,PrinceGeorgeArea,5
2021-03-30,PrinceGeorgeArea,2
2021-03-31,PrinceGeorgeArea,1
2021-04-01,PrinceGeorgeArea,9
2021-04-02,PrinceGeorgeArea,5
2021-04-03,PrinceGeorgeArea,7
2021-04-04,PrinceGeorgeArea,11
2021-04-05,PrinceGeorgeArea,10
2021-04-06,PrinceGeorgeArea,13
2021-04-07,PrinceGeorgeArea,15
2021-04-08,PrinceGeorgeArea,4
2021-04-09,PrinceGeorgeArea,20
2021-04-10,PrinceGeorgeArea,4
2021-04-11,PrinceGeorgeArea,10
2021-04-12,PrinceGeorgeArea,9
2021-04-13,PrinceGeorgeArea,9
2021-04-14,PrinceGeorgeArea,11
2021-04-15,PrinceGeorgeArea,10
2021-04-16,PrinceGeorgeArea,2
2021-04-17,PrinceGeorgeArea,12
2021-04-18,PrinceGeorgeArea,9
2021-04-19,PrinceGeorgeArea,11
2021-04-20,PrinceGeorgeArea,3
2021-04-21,PrinceGeorgeArea,22
2021-04-22,PrinceGeorgeArea,5
2021-04-23,PrinceGeorgeArea,9
2021-04-24,PrinceGeorgeArea,0
2021-04-25,PrinceGeorgeArea,11
2021-04-26,PrinceGeorgeArea,4
2021-04-27,PrinceGeorgeArea,10
2021-04-28,PrinceGeorgeArea,10
2021-04-29,PrinceGeorgeArea,3
2021-04-30,PrinceGeorgeArea,8
2021-05-01,PrinceGeorgeArea,4
2021-05-02,PrinceGeorgeArea,11
2021-05-03,PrinceGeorgeArea,3
2021-05-04,PrinceGeorgeArea,6
2021-05-05,PrinceGeorgeArea,7
2021-05-06,PrinceGeorgeArea,1
2021-05-07,PrinceGeorgeArea,2
2021-05-08,PrinceGeorgeArea,9
2021-05-09,PrinceGeorgeArea,3
2021-05-10,PrinceGeorgeArea,4
2021-05-11,PrinceGeorgeArea,1
2021-05-12,PrinceGeorgeArea,7
2021-05-13,PrinceGeorgeArea,9
2021-05-14,PrinceGeorgeArea,9
2021-05-15,PrinceGeorgeArea,6
2021-05-16,PrinceGeorgeArea,7
2021-05-17,PrinceGeorgeArea,7
2020-01-01,Waterloo,1
2020-01-21,Toronto,1
2020-01-22,Toronto,2
2020-01-24,London,1
2020-01-25,Waterloo,1
2020-01-27,Toronto,1
2020-01-29,Other,1
2020-02-05,Toronto,1
2020-02-06,LowerMainland,1
2020-02-10,Other,2
2020-02-14,Toronto,2
2020-02-15,Toronto,1
2020-02-16,Toronto,1
2020-02-18,Interior,1
2020-02-20,Toronto,2
2020-02-21,Toronto,1
2020-02-22,London,1
2020-02-23,London,1
2020-02-23,Waterloo,1
2020-02-24,LowerMainland,2
2020-02-24,Toronto,1
2020-02-26,Toronto,1
2020-02-28,Toronto,3
2020-02-29,Toronto,1
2020-02-29,Waterloo,1
2020-03-01,London,1
2020-03-01,Toronto,4
2020-03-01,Waterloo,4
2020-03-02,Halton,1
2020-03-02,London,2
2020-03-02,Toronto,5
2020-03-02,Waterloo,1
2020-03-03,LowerMainland,5
2020-03-03,Toronto,9
2020-03-04,Halton,1
2020-03-04,Toronto,7
2020-03-04,Waterloo,1
2020-03-05,Halton,1
2020-03-05,London,1
2020-03-05,LowerMainland,5
2020-03-05,Other,3
2020-03-05,Toronto,6
2020-03-06,London,1
2020-03-06,LowerMainland,7
2020-03-06,Toronto,9
2020-03-06,Waterloo,1
2020-03-07,Halton,1
2020-03-07,LowerMainland,1
2020-03-07,Toronto,7
2020-03-07,Waterloo,1
2020-03-08,Halton,4
2020-03-08,London,4
2020-03-08,LowerMainland,3
2020-03-08,Northern,1
2020-03-08,Toronto,10
2020-03-08,Waterloo,3
2020-03-09,Halton,3
2020-03-09,London,3
2020-03-09,LowerMainland,2
2020-03-09,Northern,1
2020-03-09,Toronto,16
2020-03-09,Waterloo,3
2020-03-10,Halton,11
2020-03-10,Island,1
2020-03-10,London,4
2020-03-10,LowerMainland,9
2020-03-10,Toronto,27
2020-03-10,Waterloo,2
2020-03-11,Halton,6
2020-03-11,London,4
2020-03-11,LowerMainland,16
2020-03-11,Toronto,28
2020-03-11,Waterloo,6
2020-03-12,Halton,8
2020-03-12,London,4
2020-03-12,LowerMainland,8
2020-03-12,Toronto,39
2020-03-12,Waterloo,4
2020-03-13,Halton,3
2020-03-13,Island,1
2020-03-13,London,2
2020-03-13,LowerMainland,15
2020-03-13,Toronto,43
2020-03-13,Waterloo,7
2020-03-14,Halton,7
2020-03-14,Island,3
2020-03-14,London,3
2020-03-14,LowerMainland,24
2020-03-14,Northern,1
2020-03-14,Toronto,50
2020-03-14,Waterloo,8
2020-03-15,Halton,5
2020-03-15,Interior,2
2020-03-15,Island,3
2020-03-15,London,5
2020-03-15,LowerMainland,24
2020-03-15,Toronto,47
2020-03-15,Waterloo,7
2020-03-16,Halton,19
2020-03-16,Interior,2
2020-03-16,Island,5
2020-03-16,London,10
2020-03-16,LowerMainland,38
2020-03-16,Northern,1
2020-03-16,Other,1
2020-03-16,Toronto,60
2020-03-16,Waterloo,9
2020-03-17,Halton,9
2020-03-17,Island,2
2020-03-17,London,11
2020-03-17,LowerMainland,48
2020-03-17,Toronto,77
2020-03-17,Waterloo,8
2020-03-18,Halton,10
2020-03-18,Interior,1
2020-03-18,Island,7
2020-03-18,London,8
2020-03-18,LowerMainland,40
2020-03-18,Toronto,67
2020-03-18,Waterloo,11
2020-03-19,Halton,9
2020-03-19,Interior,5
2020-03-19,Island,8
2020-03-19,London,9
2020-03-19,LowerMainland,43
2020-03-19,Other,1
2020-03-19,Toronto,55
2020-03-19,Waterloo,9
2020-03-20,Halton,16
2020-03-20,Interior,6
2020-03-20,Island,5
2020-03-20,London,10
2020-03-20,LowerMainland,52
2020-03-20,Toronto,67
2020-03-20,Waterloo,12
2020-03-21,Halton,13
2020-03-21,Interior,3
2020-03-21,Island,2
2020-03-21,London,10
2020-03-21,LowerMainland,67
2020-03-21,Northern,1
2020-03-21,Other,1
2020-03-21,Toronto,56
2020-03-21,Waterloo,7
2020-03-22,Halton,11
2020-03-22,Interior,9
2020-03-22,Island,5
2020-03-22,London,13
2020-03-22,LowerMainland,38
2020-03-22,Toronto,47
2020-03-22,Waterloo,8
2020-03-23,Halton,13
2020-03-23,Interior,4
2020-03-23,Island,1
2020-03-23,London,11
2020-03-23,LowerMainland,48
2020-03-23,Northern,1
2020-03-23,Toronto,87
2020-03-23,Waterloo,6
2020-03-24,Halton,12
2020-03-24,Interior,17
2020-03-24,Island,3
2020-03-24,London,12
2020-03-24,LowerMainland,40
2020-03-24,Northern,2
2020-03-24,Other,2
2020-03-24,Toronto,76
2020-03-24,Waterloo,5
2020-03-25,Halton,8
2020-03-25,Interior,7
2020-03-25,Island,5
2020-03-25,London,11
2020-03-25,LowerMainland,68
2020-03-25,Northern,1
2020-03-25,Toronto,79
2020-03-25,Waterloo,12
2020-03-26,Halton,9
2020-03-26,Interior,10
2020-03-26,Island,5
2020-03-26,London,8
2020-03-26,LowerMainland,51
2020-03-26,Northern,2
2020-03-26,Toronto,90
2020-03-26,Waterloo,10
2020-03-27,Halton,7
2020-03-27,Interior,3
2020-03-27,Island,3
2020-03-27,London,10
2020-03-27,LowerMainland,55
2020-03-27,Toronto,85
2020-03-27,Waterloo,10
2020-03-28,Halton,12
2020-03-28,Interior,8
2020-03-28,Island,6
2020-03-28,London,9
2020-03-28,LowerMainland,50
2020-03-28,Northern,2
2020-03-28,Toronto,90
2020-03-28,Waterloo,9
2020-03-29,Halton,8
2020-03-29,Interior,6
2020-03-29,London,3
2020-03-29,LowerMainland,40
2020-03-29,Toronto,87
2020-03-29,Waterloo,8
2020-03-30,Halton,12
2020-03-30,Interior,5
2020-03-30,Island,1
2020-03-30,London,9
2020-03-30,LowerMainland,42
2020-03-30,Northern,2
2020-03-30,Toronto,100
2020-03-30,Waterloo,18
2020-03-31,Halton,14
2020-03-31,Interior,17
2020-03-31,Island,5
2020-03-31,London,9
2020-03-31,LowerMainland,34
2020-03-31,Northern,1
2020-03-31,Other,1
2020-03-31,Toronto,109
2020-03-31,Waterloo,9
2020-04-01,Halton,19
2020-04-01,Interior,8
2020-04-01,London,4
2020-04-01,LowerMainland,44
2020-04-01,Northern,1
2020-04-01,Toronto,153
2020-04-01,Waterloo,14
2020-04-02,Halton,6
2020-04-02,Interior,2
2020-04-02,Island,2
2020-04-02,London,8
2020-04-02,LowerMainland,38
2020-04-02,Northern,4
2020-04-02,Toronto,138
2020-04-02,Waterloo,11
2020-04-03,Halton,11
2020-04-03,Interior,5
2020-04-03,Island,3
2020-04-03,London,9
2020-04-03,LowerMainland,29
2020-04-03,Toronto,154
2020-04-03,Waterloo,18
2020-04-04,Halton,9
2020-04-04,Island,3
2020-04-04,London,7
2020-04-04,LowerMainland,25
2020-04-04,Northern,1
2020-04-04,Toronto,128
2020-04-04,Waterloo,17
2020-04-05,Halton,13
2020-04-05,Interior,1
2020-04-05,London,9
2020-04-05,LowerMainland,13
2020-04-05,Northern,1
2020-04-05,Toronto,101
2020-04-05,Waterloo,14
2020-04-06,Halton,10
2020-04-06,London,7
2020-04-06,LowerMainland,49
2020-04-06,Toronto,149
2020-04-06,Waterloo,15
2020-04-07,Halton,12
2020-04-07,Interior,1
2020-04-07,Island,2
2020-04-07,London,12
2020-04-07,LowerMainland,31
2020-04-07,Toronto,144
2020-04-07,Waterloo,14
2020-04-08,Halton,6
2020-04-08,Island,1
2020-04-08,London,9
2020-04-08,LowerMainland,29
2020-04-08,Northern,1
2020-04-08,Toronto,151
2020-04-08,Waterloo,20
2020-04-09,Halton,6
2020-04-09,Interior,3
2020-04-09,Island,2
2020-04-09,London,15
2020-04-09,LowerMainland,37
2020-04-09,Northern,2
2020-04-09,Toronto,161
2020-04-09,Waterloo,19
2020-04-10,Halton,7
2020-04-10,Interior,2
2020-04-10,London,12
2020-04-10,LowerMainland,28
2020-04-10,Toronto,201
2020-04-10,Waterloo,19
2020-04-11,Halton,39
2020-04-11,Interior,1
2020-04-11,Island,2
2020-04-11,London,7
2020-04-11,LowerMainland,18
2020-04-11,Toronto,158
2020-04-11,Waterloo,42
2020-04-12,Halton,4
2020-04-12,Interior,1
2020-04-12,Island,1
2020-04-12,London,9
2020-04-12,LowerMainland,15
2020-04-12,Toronto,168
2020-04-12,Waterloo,26
2020-04-13,Halton,14
2020-04-13,Interior,3
2020-04-13,Island,2
2020-04-13,London,14
2020-04-13,LowerMainland,21
2020-04-13,Northern,2
2020-04-13,Toronto,226
2020-04-13,Waterloo,40
2020-04-14,Halton,7
2020-04-14,Interior,5
2020-04-14,Island,3
2020-04-14,London,22
2020-04-14,LowerMainland,29
2020-04-14,Northern,3
2020-04-14,Toronto,226
2020-04-14,Waterloo,29
2020-04-15,Halton,9
2020-04-15,Interior,2
2020-04-15,Island,2
2020-04-15,London,9
2020-04-15,LowerMainland,20
2020-04-15,Northern,1
2020-04-15,Toronto,281
2020-04-15,Waterloo,30
2020-04-16,Halton,8
2020-04-16,Interior,2
2020-04-16,London,8
2020-04-16,LowerMainland,35
2020-04-16,Northern,1
2020-04-16,Toronto,200
2020-04-16,Waterloo,41
2020-04-17,Halton,9
2020-04-17,Interior,1
2020-04-17,Island,3
2020-04-17,London,8
2020-04-17,LowerMainland,18
2020-04-17,Northern,1
2020-04-17,Toronto,280
2020-04-17,Waterloo,34
2020-04-18,Halton,8
2020-04-18,Interior,1
2020-04-18,Island,4
2020-04-18,London,8
2020-04-18,LowerMainland,15
2020-04-18,Northern,5
2020-04-18,Toronto,222
2020-04-18,Waterloo,25
2020-04-19,Halton,7
2020-04-19,Interior,5
2020-04-19,Island,1
2020-04-19,London,10
2020-04-19,LowerMainland,14
2020-04-19,Northern,1
2020-04-19,Toronto,132
2020-04-19,Waterloo,10
2020-04-20,Halton,4
2020-04-20,Interior,1
2020-04-20,Island,7
2020-04-20,London,7
2020-04-20,LowerMainland,36
2020-04-20,Toronto,225
2020-04-20,Waterloo,24
2020-04-21,Halton,7
2020-04-21,Interior,1
2020-04-21,London,13
2020-04-21,LowerMainland,52
2020-04-21,Other,1
2020-04-21,Toronto,165
2020-04-21,Waterloo,24
2020-04-22,Halton,3
2020-04-22,Interior,6
2020-04-22,Island,2
2020-04-22,London,10
2020-04-22,LowerMainland,21
2020-04-22,Northern,2
2020-04-22,Toronto,195
2020-04-22,Waterloo,41
2020-04-23,Halton,9
2020-04-23,Interior,2
2020-04-23,Island,4
2020-04-23,London,4
2020-04-23,LowerMainland,53
2020-04-23,Other,2
2020-04-23,Toronto,159
2020-04-23,Waterloo,28
2020-04-24,Halton,6
2020-04-24,Interior,3
2020-04-24,Island,1
2020-04-24,London,6
2020-04-24,LowerMainland,66
2020-04-24,Other,1
2020-04-24,Toronto,171
2020-04-24,Waterloo,28
2020-04-25,Halton,5
2020-04-25,Interior,2
2020-04-25,Island,1
2020-04-25,London,2
2020-04-25,LowerMainland,29
2020-04-25,Toronto,151
2020-04-25,Waterloo,25
2020-04-26,Halton,3
2020-04-26,Interior,4
2020-04-26,Island,1
2020-04-26,London,1
2020-04-26,LowerMainland,22
2020-04-26,Toronto,126
2020-04-26,Waterloo,16
2020-04-27,Halton,3
2020-04-27,Island,3
2020-04-27,London,6
2020-04-27,LowerMainland,48
2020-04-27,Northern,3
2020-04-27,Other,1
2020-04-27,Toronto,184
2020-04-27,Waterloo,23
2020-04-28,Halton,6
2020-04-28,Interior,1
2020-04-28,Island,1
2020-04-28,London,5
2020-04-28,LowerMainland,26
2020-04-28,Northern,1
2020-04-28,Toronto,182
2020-04-28,Waterloo,24
2020-04-29,Halton,7
2020-04-29,Interior,3
2020-04-29,London,5
2020-04-29,LowerMainland,27
2020-04-29,Toronto,178
2020-04-29,Waterloo,13
2020-04-30,Halton,7
2020-04-30,Interior,5
2020-04-30,Island,1
2020-04-30,London,7
2020-04-30,LowerMainland,20
2020-04-30,Northern,3
2020-04-30,Toronto,174
2020-04-30,Waterloo,28
2020-05-01,Halton,2
2020-05-01,Island,2
2020-05-01,London,3
2020-05-01,LowerMainland,31
2020-05-01,Other,1
2020-05-01,Toronto,182
2020-05-01,Waterloo,19
2020-05-02,Halton,7
2020-05-02,Interior,1
2020-05-02,Island,1
2020-05-02,London,3
2020-05-02,LowerMainland,20
2020-05-02,Northern,1
2020-05-02,Toronto,136
2020-05-02,Waterloo,11
2020-05-03,Halton,9
2020-05-03,London,1
2020-05-03,LowerMainland,16
2020-05-03,Northern,1
2020-05-03,Other,1
2020-05-03,Toronto,91
2020-05-03,Waterloo,10
2020-05-04,Halton,5
2020-05-04,London,2
2020-05-04,LowerMainland,23
2020-05-04,Other,1
2020-05-04,Toronto,146
2020-05-04,Waterloo,11
2020-05-05,Halton,5
2020-05-05,Interior,1
2020-05-05,London,3
2020-05-05,LowerMainland,21
2020-05-05,Northern,3
2020-05-05,Toronto,133
2020-05-05,Waterloo,16
2020-05-06,Halton,4
2020-05-06,Interior,1
2020-05-06,London,3
2020-05-06,LowerMainland,15
2020-05-06,Toronto,114
2020-05-06,Waterloo,11
2020-05-07,Halton,2
2020-05-07,Interior,1
2020-05-07,Island,1
2020-05-07,London,4
2020-05-07,LowerMainland,21
2020-05-07,Northern,1
2020-05-07,Toronto,140
2020-05-07,Waterloo,14
2020-05-08,Halton,7
2020-05-08,London,3
2020-05-08,LowerMainland,13
2020-05-08,Northern,1
2020-05-08,Toronto,147
2020-05-08,Waterloo,9
2020-05-09,Halton,9
2020-05-09,London,3
2020-05-09,LowerMainland,13
2020-05-09,Toronto,134
2020-05-09,Waterloo,8
2020-05-10,Halton,7
2020-05-10,Interior,4
2020-05-10,London,3
2020-05-10,LowerMainland,8
2020-05-10,Northern,1
2020-05-10,Toronto,129
2020-05-10,Waterloo,6
2020-05-11,Halton,10
2020-05-11,London,3
2020-05-11,LowerMainland,12
2020-05-11,Toronto,177
2020-05-11,Waterloo,13
2020-05-12,Halton,8
2020-05-12,Interior,2
2020-05-12,London,2
2020-05-12,LowerMainland,8
2020-05-12,Toronto,137
2020-05-12,Waterloo,4
2020-05-13,Halton,5
2020-05-13,London,3
2020-05-13,LowerMainland,22
2020-05-13,Northern,1
2020-05-13,Other,1
2020-05-13,Toronto,142
2020-05-13,Waterloo,8
2020-05-14,Halton,7
2020-05-14,London,6
2020-05-14,LowerMainland,8
2020-05-14,Toronto,157
2020-05-14,Waterloo,9
2020-05-15,Halton,11
2020-05-15,London,5
2020-05-15,LowerMainland,17
2020-05-15,Northern,1
2020-05-15,Toronto,192
2020-05-15,Waterloo,9
2020-05-16,Halton,4
2020-05-16,London,3
2020-05-16,LowerMainland,10
2020-05-16,Northern,1
2020-05-16,Toronto,173
2020-05-16,Waterloo,8
2020-05-17,Halton,7
2020-05-17,London,4
2020-05-17,LowerMainland,8
2020-05-17,Other,1
2020-05-17,Toronto,136
2020-05-17,Waterloo,5
2020-05-18,Halton,1
2020-05-18,London,5
2020-05-18,LowerMainland,9
2020-05-18,Other,1
2020-05-18,Toronto,146
2020-05-18,Waterloo,3
2020-05-19,Halton,6
2020-05-19,Interior,2
2020-05-19,London,4
2020-05-19,LowerMainland,11
2020-05-19,Other,1
2020-05-19,Toronto,187
2020-05-19,Waterloo,3
2020-05-20,Halton,5
2020-05-20,Interior,2
2020-05-20,London,5
2020-05-20,LowerMainland,10
2020-05-20,Other,1
2020-05-20,Toronto,144
2020-05-20,Waterloo,7
2020-05-21,Halton,4
2020-05-21,Interior,1
2020-05-21,Island,2
2020-05-21,London,6
2020-05-21,LowerMainland,18
2020-05-21,Northern,2
2020-05-21,Toronto,170
2020-05-21,Waterloo,4
2020-05-22,Halton,6
2020-05-22,Island,1
2020-05-22,London,5
2020-05-22,LowerMainland,7
2020-05-22,Toronto,130
2020-05-22,Waterloo,2
2020-05-23,Halton,1
2020-05-23,London,5
2020-05-23,LowerMainland,8
2020-05-23,Toronto,119
2020-05-23,Waterloo,5
2020-05-24,Halton,1
2020-05-24,London,2
2020-05-24,LowerMainland,8
2020-05-24,Other,2
2020-05-24,Toronto,124
2020-05-24,Waterloo,8
2020-05-25,Halton,10
2020-05-25,London,9
2020-05-25,LowerMainland,7
2020-05-25,Toronto,165
2020-05-25,Waterloo,4
2020-05-26,Halton,5
2020-05-26,London,7
2020-05-26,LowerMainland,4
2020-05-26,Northern,1
2020-05-26,Toronto,161
2020-05-26,Waterloo,4
2020-05-27,Halton,7
2020-05-27,Interior,1
2020-05-27,LowerMainland,8
2020-05-27,Toronto,156
2020-05-27,Waterloo,6
2020-05-28,Halton,1
2020-05-28,London,2
2020-05-28,LowerMainland,9
2020-05-28,Toronto,103
2020-05-28,Waterloo,2
2020-05-29,Halton,2
2020-05-29,London,1
2020-05-29,LowerMainland,11
2020-05-29,Northern,1
2020-05-29,Toronto,124
2020-05-29,Waterloo,8
2020-05-30,Halton,3
2020-05-30,London,4
2020-05-30,LowerMainland,13
2020-05-30,Toronto,91
2020-05-30,Waterloo,9
2020-05-31,Halton,5
2020-05-31,London,1
2020-05-31,LowerMainland,9
2020-05-31,Toronto,74
2020-05-31,Waterloo,8
2020-06-01,Halton,1
2020-06-01,London,5
2020-06-01,LowerMainland,13
2020-06-01,Toronto,178
2020-06-01,Waterloo,7
2020-06-02,London,2
2020-06-02,LowerMainland,12
2020-06-02,Toronto,105
2020-06-02,Waterloo,9
2020-06-03,Halton,6
2020-06-03,London,6
2020-06-03,LowerMainland,3
2020-06-03,Toronto,88
2020-06-03,Waterloo,6
2020-06-04,Halton,2
2020-06-04,London,3
2020-06-04,LowerMainland,9
2020-06-04,Toronto,110
2020-06-04,Waterloo,8
2020-06-05,Halton,4
2020-06-05,London,3
2020-06-05,LowerMainland,5
2020-06-05,Toronto,87
2020-06-05,Waterloo,4
2020-06-06,Halton,5
2020-06-06,London,1
2020-06-06,LowerMainland,10
2020-06-06,Other,1
2020-06-06,Toronto,66
2020-06-06,Waterloo,6
2020-06-07,Halton,4
2020-06-07,London,2
2020-06-07,LowerMainland,8
2020-06-07,Toronto,86
2020-06-07,Waterloo,1
2020-06-08,Halton,11
2020-06-08,London,7
2020-06-08,LowerMainland,5
2020-06-08,Northern,1
2020-06-08,Toronto,92
2020-06-08,Waterloo,12
2020-06-09,Halton,5
2020-06-09,London,5
2020-06-09,LowerMainland,15
2020-06-09,Toronto,65
2020-06-09,Waterloo,4
2020-06-10,Halton,4
2020-06-10,London,4
2020-06-10,LowerMainland,15
2020-06-10,Other,3
2020-06-10,Toronto,69
2020-06-10,Waterloo,3
2020-06-11,Halton,3
2020-06-11,Interior,1
2020-06-11,London,2
2020-06-11,LowerMainland,9
2020-06-11,Other,2
2020-06-11,Toronto,85
2020-06-11,Waterloo,7
2020-06-12,Halton,6
2020-06-12,London,4
2020-06-12,LowerMainland,16
2020-06-12,Toronto,58
2020-06-12,Waterloo,6
2020-06-13,Halton,4
2020-06-13,London,3
2020-06-13,LowerMainland,14
2020-06-13,Other,1
2020-06-13,Toronto,41
2020-06-13,Waterloo,5
2020-06-14,Halton,2
2020-06-14,LowerMainland,6
2020-06-14,Other,1
2020-06-14,Toronto,59
2020-06-14,Waterloo,5
2020-06-15,Halton,2
2020-06-15,London,7
2020-06-15,LowerMainland,8
2020-06-15,Toronto,70
2020-06-15,Waterloo,8
2020-06-16,Halton,3
2020-06-16,Interior,1
2020-06-16,London,3
2020-06-16,LowerMainland,20
2020-06-16,Other,2
2020-06-16,Toronto,50
2020-06-16,Waterloo,4
2020-06-17,Halton,4
2020-06-17,LowerMainland,5
2020-06-17,Other,1
2020-06-17,Toronto,66
2020-06-17,Waterloo,8
2020-06-18,Halton,4
2020-06-18,LowerMainland,6
2020-06-18,Toronto,66
2020-06-18,Waterloo,6
2020-06-19,Halton,2
2020-06-19,Interior,1
2020-06-19,Island,1
2020-06-19,London,3
2020-06-19,LowerMainland,5
2020-06-19,Toronto,55
2020-06-19,Waterloo,5
2020-06-20,Halton,2
2020-06-20,Interior,1
2020-06-20,London,2
2020-06-20,LowerMainland,7
2020-06-20,Toronto,48
2020-06-20,Waterloo,6
2020-06-21,Halton,2
2020-06-21,London,2
2020-06-21,LowerMainland,18
2020-06-21,Other,1
2020-06-21,Toronto,39
2020-06-21,Waterloo,2
2020-06-22,Halton,2
2020-06-22,London,2
2020-06-22,LowerMainland,8
2020-06-22,Other,1
2020-06-22,Toronto,59
2020-06-22,Waterloo,10
2020-06-23,Halton,9
2020-06-23,London,1
2020-06-23,LowerMainland,19
2020-06-23,Toronto,59
2020-06-23,Waterloo,4
2020-06-24,Halton,5
2020-06-24,London,3
2020-06-24,LowerMainland,18
2020-06-24,Other,1
2020-06-24,Toronto,56
2020-06-24,Waterloo,5
2020-06-25,Halton,8
2020-06-25,London,4
2020-06-25,LowerMainland,7
2020-06-25,Toronto,43
2020-06-25,Waterloo,1
2020-06-26,Halton,2
2020-06-26,Interior,1
2020-06-26,LowerMainland,7
2020-06-26,Other,2
2020-06-26,Toronto,39
2020-06-26,Waterloo,7
2020-06-27,Halton,2
2020-06-27,London,1
2020-06-27,LowerMainland,11
2020-06-27,Toronto,39
2020-06-27,Waterloo,3
2020-06-28,Halton,2
2020-06-28,LowerMainland,8
2020-06-28,Toronto,41
2020-06-28,Waterloo,1
2020-06-29,Halton,1
2020-06-29,Island,1
2020-06-29,LowerMainland,7
2020-06-29,Toronto,65
2020-06-29,Waterloo,3
2020-06-30,Halton,2
2020-06-30,Island,1
2020-06-30,London,2
2020-06-30,LowerMainland,13
2020-06-30,Other,1
2020-06-30,Toronto,48
2020-06-30,Waterloo,2
2020-07-01,Halton,2
2020-07-01,Interior,1
2020-07-01,London,1
2020-07-01,LowerMainland,9
2020-07-01,Other,1
2020-07-01,Toronto,30
2020-07-01,Waterloo,1
2020-07-02,Halton,2
2020-07-02,Interior,1
2020-07-02,London,1
2020-07-02,LowerMainland,7
2020-07-02,Other,1
2020-07-02,Toronto,28
2020-07-02,Waterloo,1
2020-07-03,Halton,4
2020-07-03,Interior,1
2020-07-03,London,1
2020-07-03,LowerMainland,12
2020-07-03,Other,1
2020-07-03,Toronto,37
2020-07-03,Waterloo,2
2020-07-04,Halton,5
2020-07-04,London,1
2020-07-04,LowerMainland,13
2020-07-04,Other,1
2020-07-04,Toronto,26
2020-07-04,Waterloo,5
2020-07-05,Halton,1
2020-07-05,LowerMainland,6
2020-07-05,Other,1
2020-07-05,Toronto,23
2020-07-05,Waterloo,1
2020-07-06,Halton,4
2020-07-06,London,1
2020-07-06,LowerMainland,11
2020-07-06,Toronto,67
2020-07-06,Waterloo,3
2020-07-07,Halton,8
2020-07-07,Interior,1
2020-07-07,London,3
2020-07-07,LowerMainland,17
2020-07-07,Toronto,38
2020-07-07,Waterloo,4
2020-07-08,Halton,1
2020-07-08,LowerMainland,18
2020-07-08,Toronto,46
2020-07-08,Waterloo,2
2020-07-09,Halton,2
2020-07-09,Interior,2
2020-07-09,Island,2
2020-07-09,London,2
2020-07-09,LowerMainland,16
2020-07-09,Toronto,24
2020-07-09,Waterloo,5
2020-07-10,Interior,3
2020-07-10,London,1
2020-07-10,LowerMainland,24
2020-07-10,Toronto,29
2020-07-10,Waterloo,1
2020-07-11,Halton,6
2020-07-11,Interior,1
2020-07-11,London,1
2020-07-11,LowerMainland,21
2020-07-11,Toronto,26
2020-07-11,Waterloo,3
2020-07-12,Halton,1
2020-07-12,Interior,1
2020-07-12,London,1
2020-07-12,LowerMainland,17
2020-07-12,Toronto,19
2020-07-12,Waterloo,3
2020-07-13,Halton,1
2020-07-13,Interior,2
2020-07-13,London,1
2020-07-13,LowerMainland,10
2020-07-13,Other,1
2020-07-13,Toronto,44
2020-07-13,Waterloo,3
2020-07-14,Halton,4
2020-07-14,Interior,6
2020-07-14,London,1
2020-07-14,LowerMainland,16
2020-07-14,Toronto,30
2020-07-14,Waterloo,6
2020-07-15,Halton,1
2020-07-15,Interior,17
2020-07-15,Island,1
2020-07-15,London,4
2020-07-15,LowerMainland,13
2020-07-15,Northern,2
2020-07-15,Toronto,34
2020-07-15,Waterloo,4
2020-07-16,Halton,1
2020-07-16,Interior,21
2020-07-16,London,1
2020-07-16,LowerMainland,9
2020-07-16,Northern,1
2020-07-16,Toronto,22
2020-07-16,Waterloo,1
2020-07-17,Halton,1
2020-07-17,Interior,11
2020-07-17,London,4
2020-07-17,LowerMainland,21
2020-07-17,Northern,1
2020-07-17,Toronto,16
2020-07-17,Waterloo,1
2020-07-18,Halton,1
2020-07-18,Interior,11
2020-07-18,LowerMainland,13
2020-07-18,Other,2
2020-07-18,Toronto,18
2020-07-18,Waterloo,4
2020-07-19,Halton,1
2020-07-19,Interior,9
2020-07-19,Island,4
2020-07-19,London,3
2020-07-19,LowerMainland,17
2020-07-19,Other,1
2020-07-19,Toronto,15
2020-07-19,Waterloo,2
2020-07-20,Halton,1
2020-07-20,Interior,11
2020-07-20,London,2
2020-07-20,LowerMainland,17
2020-07-20,Other,2
2020-07-20,Toronto,27
2020-07-21,Halton,3
2020-07-21,Interior,10
2020-07-21,Island,1
2020-07-21,London,4
2020-07-21,LowerMainland,19
2020-07-21,Toronto,25
2020-07-21,Waterloo,4
2020-07-22,Halton,3
2020-07-22,Interior,10
2020-07-22,Island,1
2020-07-22,London,4
2020-07-22,LowerMainland,14
2020-07-22,Northern,8
2020-07-22,Other,2
2020-07-22,Toronto,15
2020-07-22,Waterloo,5
2020-07-23,Halton,2
2020-07-23,Interior,10
2020-07-23,LowerMainland,19
2020-07-23,Northern,3
2020-07-23,Toronto,18
2020-07-23,Waterloo,3
2020-07-24,Interior,19
2020-07-24,LowerMainland,7
2020-07-24,Other,1
2020-07-24,Toronto,20
2020-07-25,Halton,1
2020-07-25,Interior,6
2020-07-25,London,5
2020-07-25,LowerMainland,15
2020-07-25,Other,1
2020-07-25,Toronto,17
2020-07-26,Interior,4
2020-07-26,Island,1
2020-07-26,London,2
2020-07-26,LowerMainland,15
2020-07-26,Northern,1
2020-07-26,Toronto,16
2020-07-26,Waterloo,3
2020-07-27,Interior,5
2020-07-27,London,2
2020-07-27,LowerMainland,15
2020-07-27,Toronto,10
2020-07-27,Waterloo,2
2020-07-28,Interior,2
2020-07-28,London,3
2020-07-28,LowerMainland,44
2020-07-28,Northern,6
2020-07-28,Other,1
2020-07-28,Toronto,17
2020-07-29,Halton,2
2020-07-29,Interior,5
2020-07-29,London,3
2020-07-29,LowerMainland,16
2020-07-29,Toronto,22
2020-07-30,Interior,4
2020-07-30,Island,1
2020-07-30,London,2
2020-07-30,LowerMainland,39
2020-07-30,Other,2
2020-07-30,Toronto,12
2020-07-30,Waterloo,1
2020-07-31,Interior,2
2020-07-31,LowerMainland,40
2020-07-31,Northern,2
2020-07-31,Toronto,13
2020-07-31,Waterloo,2
2020-08-01,Halton,1
2020-08-01,Interior,2
2020-08-01,LowerMainland,42
2020-08-01,Northern,3
2020-08-01,Toronto,6
2020-08-01,Waterloo,1
2020-08-02,Halton,2
2020-08-02,Interior,2
2020-08-02,Island,2
2020-08-02,London,3
2020-08-02,LowerMainland,36
2020-08-02,Other,1
2020-08-02,Toronto,16
2020-08-03,Halton,3
2020-08-03,Interior,4
2020-08-03,London,1
2020-08-03,LowerMainland,30
2020-08-03,Other,1
2020-08-03,Toronto,22
2020-08-03,Waterloo,2
2020-08-04,Halton,4
2020-08-04,Interior,4
2020-08-04,LowerMainland,31
2020-08-04,Other,1
2020-08-04,Toronto,21
2020-08-04,Waterloo,5
2020-08-05,Halton,1
2020-08-05,Interior,3
2020-08-05,LowerMainland,36
2020-08-05,Other,3
2020-08-05,Toronto,20
2020-08-05,Waterloo,3
2020-08-06,Halton,5
2020-08-06,Interior,1
2020-08-06,Island,1
2020-08-06,London,1
2020-08-06,LowerMainland,51
2020-08-06,Northern,2
2020-08-06,Toronto,14
2020-08-06,Waterloo,3
2020-08-07,Halton,3
2020-08-07,Interior,1
2020-08-07,London,8
2020-08-07,LowerMainland,41
2020-08-07,Toronto,19
2020-08-08,Halton,2
2020-08-08,Interior,1
2020-08-08,Island,1
2020-08-08,London,3
2020-08-08,LowerMainland,39
2020-08-08,Northern,2
2020-08-08,Toronto,13
2020-08-08,Waterloo,1
2020-08-09,Halton,2
2020-08-09,London,2
2020-08-09,LowerMainland,38
2020-08-09,Northern,1
2020-08-09,Other,2
2020-08-09,Toronto,16
2020-08-09,Waterloo,4
2020-08-10,Halton,2
2020-08-10,Interior,2
2020-08-10,London,2
2020-08-10,LowerMainland,57
2020-08-10,Northern,4
2020-08-10,Toronto,23
2020-08-10,Waterloo,5
2020-08-11,Halton,1
2020-08-11,Interior,1
2020-08-11,Island,2
2020-08-11,London,3
2020-08-11,LowerMainland,72
2020-08-11,Northern,1
2020-08-11,Toronto,20
2020-08-11,Waterloo,2
2020-08-12,Halton,3
2020-08-12,Interior,4
2020-08-12,London,7
2020-08-12,LowerMainland,76
2020-08-12,Northern,2
2020-08-12,Other,1
2020-08-12,Toronto,21
2020-08-12,Waterloo,2
2020-08-13,Halton,2
2020-08-13,Interior,3
2020-08-13,Island,1
2020-08-13,London,3
2020-08-13,LowerMainland,82
2020-08-13,Northern,7
2020-08-13,Toronto,23
2020-08-13,Waterloo,1
2020-08-14,Halton,1
2020-08-14,Interior,3
2020-08-14,Island,2
2020-08-14,LowerMainland,103
2020-08-14,Northern,2
2020-08-14,Other,2
2020-08-14,Toronto,15
2020-08-14,Waterloo,3
2020-08-15,Halton,1
2020-08-15,Interior,2
2020-08-15,London,1
2020-08-15,LowerMainland,56
2020-08-15,Northern,3
2020-08-15,Toronto,19
2020-08-16,Halton,3
2020-08-16,Island,1
2020-08-16,London,2
2020-08-16,LowerMainland,76
2020-08-16,Northern,2
2020-08-16,Other,1
2020-08-16,Toronto,23
2020-08-16,Waterloo,2
2020-08-17,Halton,5
2020-08-17,Interior,1
2020-08-17,Island,2
2020-08-17,London,8
2020-08-17,LowerMainland,46
2020-08-17,Northern,2
2020-08-17,Toronto,29
2020-08-17,Waterloo,5
2020-08-18,Halton,2
2020-08-18,Interior,3
2020-08-18,Island,2
2020-08-18,LowerMainland,67
2020-08-18,Northern,1
2020-08-18,Other,1
2020-08-18,Toronto,27
2020-08-18,Waterloo,2
2020-08-19,Halton,2
2020-08-19,Interior,3
2020-08-19,Island,1
2020-08-19,LowerMainland,80
2020-08-19,Northern,1
2020-08-19,Toronto,22
2020-08-19,Waterloo,1
2020-08-20,Halton,1
2020-08-20,Interior,7
2020-08-20,Island,1
2020-08-20,London,1
2020-08-20,LowerMainland,99
2020-08-20,Northern,1
2020-08-20,Toronto,23
2020-08-20,Waterloo,3
2020-08-21,Halton,2
2020-08-21,Interior,1
2020-08-21,Island,4
2020-08-21,London,1
2020-08-21,LowerMainland,113
2020-08-21,Northern,3
2020-08-21,Toronto,31
2020-08-21,Waterloo,2
2020-08-22,Halton,2
2020-08-22,Interior,4
2020-08-22,London,1
2020-08-22,LowerMainland,68
2020-08-22,Northern,2
2020-08-22,Other,1
2020-08-22,Toronto,39
2020-08-22,Waterloo,1
2020-08-23,Halton,1
2020-08-23,Interior,2
2020-08-23,Island,2
2020-08-23,LowerMainland,57
2020-08-23,Toronto,37
2020-08-23,Waterloo,3
2020-08-24,Halton,7
2020-08-24,Interior,2
2020-08-24,Island,2
2020-08-24,London,1
2020-08-24,LowerMainland,56
2020-08-24,Northern,1
2020-08-24,Toronto,33
2020-08-24,Waterloo,4
2020-08-25,Halton,1
2020-08-25,Interior,2
2020-08-25,Island,2
2020-08-25,London,2
2020-08-25,LowerMainland,38
2020-08-25,Northern,3
2020-08-25,Other,1
2020-08-25,Toronto,46
2020-08-25,Waterloo,3
2020-08-26,Halton,4
2020-08-26,Island,3
2020-08-26,LowerMainland,90
2020-08-26,Northern,5
2020-08-26,Toronto,35
2020-08-26,Waterloo,7
2020-08-27,Halton,2
2020-08-27,Interior,4
2020-08-27,London,3
2020-08-27,LowerMainland,102
2020-08-27,Northern,5
2020-08-27,Other,1
2020-08-27,Toronto,34
2020-08-27,Waterloo,3
2020-08-28,Halton,1
2020-08-28,Interior,2
2020-08-28,Island,1
2020-08-28,London,1
2020-08-28,LowerMainland,100
2020-08-28,Northern,2
2020-08-28,Toronto,38
2020-08-28,Waterloo,2
2020-08-29,Halton,1
2020-08-29,Interior,4
2020-08-29,Island,1
2020-08-29,LowerMainland,94
2020-08-29,Northern,6
2020-08-29,Toronto,31
2020-08-29,Waterloo,1
2020-08-30,Interior,4
2020-08-30,LowerMainland,78
2020-08-30,Northern,4
2020-08-30,Other,1
2020-08-30,Toronto,39
2020-08-31,Halton,4
2020-08-31,Island,1
2020-08-31,London,2
2020-08-31,LowerMainland,53
2020-08-31,Northern,5
2020-08-31,Toronto,48
2020-08-31,Waterloo,5
2020-09-01,Halton,6
2020-09-01,Interior,4
2020-09-01,Island,1
2020-09-01,LowerMainland,87
2020-09-01,Northern,5
2020-09-01,Toronto,50
2020-09-01,Waterloo,2
2020-09-02,Halton,9
2020-09-02,Interior,3
2020-09-02,Island,2
2020-09-02,London,1
2020-09-02,LowerMainland,73
2020-09-02,Northern,3
2020-09-02,Toronto,65
2020-09-02,Waterloo,3
2020-09-03,Halton,9
2020-09-03,Interior,2
2020-09-03,Island,2
2020-09-03,LowerMainland,138
2020-09-03,Northern,7
2020-09-03,Toronto,59
2020-09-03,Waterloo,5
2020-09-04,Halton,8
2020-09-04,Interior,6
2020-09-04,Island,1
2020-09-04,London,2
2020-09-04,LowerMainland,113
2020-09-04,Northern,5
2020-09-04,Toronto,56
2020-09-04,Waterloo,5
2020-09-05,Halton,3
2020-09-05,Interior,2
2020-09-05,Island,1
2020-09-05,London,2
2020-09-05,LowerMainland,105
2020-09-05,Northern,1
2020-09-05,Other,4
2020-09-05,Toronto,58
2020-09-05,Waterloo,4
2020-09-06,Halton,10
2020-09-06,Interior,1
2020-09-06,Island,1
2020-09-06,LowerMainland,104
2020-09-06,Northern,5
2020-09-06,Toronto,55
2020-09-06,Waterloo,6
2020-09-07,Halton,6
2020-09-07,London,1
2020-09-07,LowerMainland,90
2020-09-07,Northern,1
2020-09-07,Toronto,71
2020-09-07,Waterloo,16
2020-09-08,Halton,9
2020-09-08,Interior,1
2020-09-08,Island,1
2020-09-08,London,2
2020-09-08,LowerMainland,108
2020-09-08,Northern,4
2020-09-08,Toronto,83
2020-09-08,Waterloo,10
2020-09-09,Halton,5
2020-09-09,Interior,1
2020-09-09,Island,2
2020-09-09,London,2
2020-09-09,LowerMainland,106
2020-09-09,Northern,13
2020-09-09,Toronto,100
2020-09-09,Waterloo,10
2020-09-10,Halton,8
2020-09-10,Interior,2
2020-09-10,Island,3
2020-09-10,London,5
2020-09-10,LowerMainland,116
2020-09-10,Toronto,95
2020-09-10,Waterloo,10
2020-09-11,Halton,11
2020-09-11,Interior,1
2020-09-11,Island,4
2020-09-11,London,8
2020-09-11,LowerMainland,139
2020-09-11,Northern,5
2020-09-11,Toronto,105
2020-09-11,Waterloo,8
2020-09-12,Halton,11
2020-09-12,Interior,4
2020-09-12,Island,1
2020-09-12,London,5
2020-09-12,LowerMainland,92
2020-09-12,Northern,4
2020-09-12,Toronto,102
2020-09-12,Waterloo,10
2020-09-13,Halton,14
2020-09-13,Interior,4
2020-09-13,London,7
2020-09-13,LowerMainland,76
2020-09-13,Northern,4
2020-09-13,Toronto,114
2020-09-13,Waterloo,8
2020-09-14,Halton,25
2020-09-14,Interior,4
2020-09-14,London,2
2020-09-14,LowerMainland,67
2020-09-14,Northern,11
2020-09-14,Other,1
2020-09-14,Toronto,159
2020-09-14,Waterloo,14
2020-09-15,Halton,15
2020-09-15,Interior,7
2020-09-15,London,15
2020-09-15,LowerMainland,137
2020-09-15,Northern,9
2020-09-15,Other,1
2020-09-15,Toronto,181
2020-09-15,Waterloo,20
2020-09-16,Halton,23
2020-09-16,Interior,3
2020-09-16,Island,1
2020-09-16,London,17
2020-09-16,LowerMainland,134
2020-09-16,Northern,4
2020-09-16,Toronto,167
2020-09-16,Waterloo,13
2020-09-17,Halton,13
2020-09-17,Interior,2
2020-09-17,London,4
2020-09-17,LowerMainland,144
2020-09-17,Northern,7
2020-09-17,Toronto,165
2020-09-17,Waterloo,24
2020-09-18,Halton,16
2020-09-18,Interior,12
2020-09-18,Island,4
2020-09-18,London,8
2020-09-18,LowerMainland,109
2020-09-18,Northern,5
2020-09-18,Toronto,160
2020-09-18,Waterloo,16
2020-09-19,Halton,18
2020-09-19,Interior,6
2020-09-19,London,7
2020-09-19,LowerMainland,102
2020-09-19,Toronto,170
2020-09-19,Waterloo,14
2020-09-20,Halton,19
2020-09-20,Interior,3
2020-09-20,Island,3
2020-09-20,London,7
2020-09-20,LowerMainland,116
2020-09-20,Northern,4
2020-09-20,Toronto,188
2020-09-20,Waterloo,17
2020-09-21,Halton,22
2020-09-21,Interior,4
2020-09-21,London,9
2020-09-21,LowerMainland,86
2020-09-21,Northern,8
2020-09-21,Toronto,253
2020-09-21,Waterloo,15
2020-09-22,Halton,23
2020-09-22,Interior,5
2020-09-22,London,6
2020-09-22,LowerMainland,66
2020-09-22,Northern,9
2020-09-22,Toronto,258
2020-09-22,Waterloo,10
2020-09-23,Halton,15
2020-09-23,Interior,1
2020-09-23,London,16
2020-09-23,LowerMainland,139
2020-09-23,Northern,8
2020-09-23,Other,1
2020-09-23,Toronto,251
2020-09-23,Waterloo,17
2020-09-24,Halton,17
2020-09-24,Interior,2
2020-09-24,Island,1
2020-09-24,London,9
2020-09-24,LowerMainland,71
2020-09-24,Northern,6
2020-09-24,Toronto,291
2020-09-24,Waterloo,14
2020-09-25,Halton,25
2020-09-25,Interior,3
2020-09-25,Island,2
2020-09-25,London,4
2020-09-25,LowerMainland,88
2020-09-25,Northern,5
2020-09-25,Toronto,271
2020-09-25,Waterloo,10
2020-09-26,Halton,20
2020-09-26,Interior,4
2020-09-26,London,4
2020-09-26,LowerMainland,108
2020-09-26,Northern,4
2020-09-26,Toronto,240
2020-09-26,Waterloo,12
2020-09-27,Halton,20
2020-09-27,Interior,1
2020-09-27,London,13
2020-09-27,LowerMainland,80
2020-09-27,Northern,7
2020-09-27,Toronto,245
2020-09-27,Waterloo,15
2020-09-28,Halton,38
2020-09-28,Interior,1
2020-09-28,London,11
2020-09-28,LowerMainland,91
2020-09-28,Northern,4
2020-09-28,Toronto,327
2020-09-28,Waterloo,20
2020-09-29,Halton,25
2020-09-29,Interior,2
2020-09-29,Island,2
2020-09-29,London,5
2020-09-29,LowerMainland,102
2020-09-29,Northern,4
2020-09-29,Toronto,305
2020-09-29,Waterloo,23
2020-09-30,Halton,19
2020-09-30,Interior,2
2020-09-30,Island,1
2020-09-30,London,14
2020-09-30,LowerMainland,115
2020-09-30,Northern,1
2020-09-30,Toronto,282
2020-09-30,Waterloo,16
2020-10-01,Halton,30
2020-10-01,Interior,3
2020-10-01,Island,1
2020-10-01,London,3
2020-10-01,LowerMainland,135
2020-10-01,Northern,5
2020-10-01,Toronto,230
2020-10-01,Waterloo,15
2020-10-02,Halton,25
2020-10-02,Interior,2
2020-10-02,London,6
2020-10-02,LowerMainland,92
2020-10-02,Northern,1
2020-10-02,Toronto,228
2020-10-02,Waterloo,11
2020-10-03,Halton,29
2020-10-03,Interior,3
2020-10-03,Island,5
2020-10-03,London,5
2020-10-03,LowerMainland,116
2020-10-03,Northern,1
2020-10-03,Toronto,211
2020-10-03,Waterloo,15
2020-10-04,Halton,28
2020-10-04,Interior,8
2020-10-04,Island,5
2020-10-04,London,13
2020-10-04,LowerMainland,107
2020-10-04,Northern,3
2020-10-04,Other,1
2020-10-04,Toronto,192
2020-10-04,Waterloo,10
2020-10-05,Halton,44
2020-10-05,Interior,4
2020-10-05,Island,2
2020-10-05,London,15
2020-10-05,LowerMainland,82
2020-10-05,Northern,2
2020-10-05,Toronto,264
2020-10-05,Waterloo,8
2020-10-06,Halton,36
2020-10-06,Interior,1
2020-10-06,London,11
2020-10-06,LowerMainland,111
2020-10-06,Toronto,239
2020-10-06,Waterloo,14
2020-10-07,Halton,30
2020-10-07,Interior,2
2020-10-07,Island,1
2020-10-07,London,12
2020-10-07,LowerMainland,114
2020-10-07,Northern,5
2020-10-07,Toronto,258
2020-10-07,Waterloo,18
2020-10-08,Halton,20
2020-10-08,Interior,3
2020-10-08,Island,2
2020-10-08,London,16
2020-10-08,LowerMainland,123
2020-10-08,Northern,1
2020-10-08,Toronto,238
2020-10-08,Waterloo,13
2020-10-09,Halton,28
2020-10-09,Interior,5
2020-10-09,Island,3
2020-10-09,London,7
2020-10-09,LowerMainland,165
2020-10-09,Northern,9
2020-10-09,Toronto,266
2020-10-09,Waterloo,13
2020-10-10,Halton,27
2020-10-10,Interior,5
2020-10-10,Island,1
2020-10-10,London,5
2020-10-10,LowerMainland,151
2020-10-10,Northern,3
2020-10-10,Toronto,265
2020-10-10,Waterloo,14
2020-10-11,Halton,21
2020-10-11,Interior,8
2020-10-11,Island,4
2020-10-11,London,7
2020-10-11,LowerMainland,98
2020-10-11,Northern,2
2020-10-11,Toronto,234
2020-10-11,Waterloo,9
2020-10-12,Halton,28
2020-10-12,Interior,3
2020-10-12,Island,3
2020-10-12,London,5
2020-10-12,LowerMainland,136
2020-10-12,Toronto,235
2020-10-12,Waterloo,17
2020-10-13,Halton,25
2020-10-13,Interior,5
2020-10-13,Island,2
2020-10-13,London,8
2020-10-13,LowerMainland,147
2020-10-13,Northern,3
2020-10-13,Toronto,272
2020-10-13,Waterloo,15
2020-10-14,Halton,30
2020-10-14,Interior,1
2020-10-14,Island,2
2020-10-14,London,10
2020-10-14,LowerMainland,86
2020-10-14,Northern,2
2020-10-14,Toronto,295
2020-10-14,Waterloo,6
2020-10-15,Halton,23
2020-10-15,Interior,2
2020-10-15,Island,1
2020-10-15,London,9
2020-10-15,LowerMainland,144
2020-10-15,Northern,5
2020-10-15,Toronto,281
2020-10-15,Waterloo,5
2020-10-16,Halton,33
2020-10-16,Interior,2
2020-10-16,Island,2
2020-10-16,London,4
2020-10-16,LowerMainland,206
2020-10-16,Northern,1
2020-10-16,Toronto,278
2020-10-16,Waterloo,8
2020-10-17,Halton,32
2020-10-17,Interior,7
2020-10-17,London,5
2020-10-17,LowerMainland,125
2020-10-17,Northern,4
2020-10-17,Toronto,263
2020-10-17,Waterloo,14
2020-10-18,Halton,29
2020-10-18,Interior,4
2020-10-18,London,3
2020-10-18,LowerMainland,200
2020-10-18,Toronto,263
2020-10-18,Waterloo,11
2020-10-19,Halton,33
2020-10-19,Interior,21
2020-10-19,Island,1
2020-10-19,London,12
2020-10-19,LowerMainland,118
2020-10-19,Toronto,370
2020-10-19,Waterloo,11
2020-10-20,Halton,26
2020-10-20,Interior,11
2020-10-20,London,11
2020-10-20,LowerMainland,242
2020-10-20,Northern,3
2020-10-20,Toronto,316
2020-10-20,Waterloo,16
2020-10-21,Halton,26
2020-10-21,Interior,19
2020-10-21,Island,4
2020-10-21,London,7
2020-10-21,LowerMainland,272
2020-10-21,Northern,3
2020-10-21,Toronto,310
2020-10-21,Waterloo,10
2020-10-22,Halton,32
2020-10-22,Interior,16
2020-10-22,Island,1
2020-10-22,London,7
2020-10-22,LowerMainland,176
2020-10-22,Northern,7
2020-10-22,Toronto,347
2020-10-22,Waterloo,9
2020-10-23,Halton,21
2020-10-23,Interior,12
2020-10-23,London,7
2020-10-23,LowerMainland,253
2020-10-23,Northern,9
2020-10-23,Toronto,323
2020-10-23,Waterloo,13
2020-10-24,Halton,28
2020-10-24,Interior,9
2020-10-24,London,3
2020-10-24,LowerMainland,285
2020-10-24,Northern,2
2020-10-24,Toronto,264
2020-10-24,Waterloo,12
2020-10-25,Halton,18
2020-10-25,Interior,10
2020-10-25,London,9
2020-10-25,LowerMainland,218
2020-10-25,Northern,1
2020-10-25,Toronto,263
2020-10-25,Waterloo,13
2020-10-26,Halton,26
2020-10-26,Interior,15
2020-10-26,London,6
2020-10-26,LowerMainland,239
2020-10-26,Northern,5
2020-10-26,Toronto,357
2020-10-26,Waterloo,17
2020-10-27,Halton,37
2020-10-27,Interior,19
2020-10-27,Island,2
2020-10-27,London,9
2020-10-27,LowerMainland,233
2020-10-27,Northern,11
2020-10-27,Toronto,306
2020-10-27,Waterloo,17
2020-10-28,Halton,32
2020-10-28,Interior,6
2020-10-28,Island,2
2020-10-28,London,9
2020-10-28,LowerMainland,256
2020-10-28,Northern,7
2020-10-28,Other,1
2020-10-28,Toronto,341
2020-10-28,Waterloo,25
2020-10-29,Halton,35
2020-10-29,Interior,10
2020-10-29,Island,2
2020-10-29,London,6
2020-10-29,LowerMainland,322
2020-10-29,Northern,6
2020-10-29,Toronto,284
2020-10-29,Waterloo,26
2020-10-30,Halton,27
2020-10-30,Interior,7
2020-10-30,Island,5
2020-10-30,London,7
2020-10-30,LowerMainland,364
2020-10-30,Northern,5
2020-10-30,Toronto,312
2020-10-30,Waterloo,24
2020-10-31,Halton,35
2020-10-31,Interior,15
2020-10-31,Island,4
2020-10-31,London,7
2020-10-31,LowerMainland,357
2020-10-31,Northern,4
2020-10-31,Toronto,309
2020-10-31,Waterloo,24
2020-11-01,Halton,51
2020-11-01,Interior,10
2020-11-01,Island,2
2020-11-01,London,8
2020-11-01,LowerMainland,361
2020-11-01,Northern,1
2020-11-01,Toronto,301
2020-11-01,Waterloo,28
2020-11-02,Halton,69
2020-11-02,Interior,12
2020-11-02,Island,4
2020-11-02,London,16
2020-11-02,LowerMainland,319
2020-11-02,Northern,2
2020-11-02,Toronto,521
2020-11-02,Waterloo,44
2020-11-03,Halton,49
2020-11-03,Interior,13
2020-11-03,Island,4
2020-11-03,London,24
2020-11-03,LowerMainland,341
2020-11-03,Northern,9
2020-11-03,Toronto,508
2020-11-03,Waterloo,34
2020-11-04,Halton,57
2020-11-04,Interior,24
2020-11-04,Island,8
2020-11-04,London,25
2020-11-04,LowerMainland,552
2020-11-04,Northern,7
2020-11-04,Toronto,496
2020-11-04,Waterloo,39
2020-11-05,Halton,56
2020-11-05,Interior,23
2020-11-05,Island,5
2020-11-05,London,23
2020-11-05,LowerMainland,439
2020-11-05,Northern,13
2020-11-05,Toronto,502
2020-11-05,Waterloo,43
2020-11-06,Halton,62
2020-11-06,Interior,22
2020-11-06,Island,2
2020-11-06,London,20
2020-11-06,LowerMainland,416
2020-11-06,Northern,9
2020-11-06,Toronto,490
2020-11-06,Waterloo,48
2020-11-07,Halton,33
2020-11-07,Interior,24
2020-11-07,Island,4
2020-11-07,London,14
2020-11-07,LowerMainland,534
2020-11-07,Northern,7
2020-11-07,Toronto,435
2020-11-07,Waterloo,62
2020-11-08,Halton,40
2020-11-08,Interior,27
2020-11-08,Island,9
2020-11-08,London,23
2020-11-08,LowerMainland,459
2020-11-08,Northern,7
2020-11-08,Other,1
2020-11-08,Toronto,379
2020-11-08,Waterloo,38
2020-11-09,Halton,58
2020-11-09,Interior,30
2020-11-09,Island,8
2020-11-09,London,13
2020-11-09,LowerMainland,456
2020-11-09,Northern,2
2020-11-09,Toronto,533
2020-11-09,Waterloo,66
2020-11-10,Halton,60
2020-11-10,Interior,24
2020-11-10,Island,10
2020-11-10,London,9
2020-11-10,LowerMainland,655
2020-11-10,Northern,10
2020-11-10,Toronto,472
2020-11-10,Waterloo,57
2020-11-11,Halton,56
2020-11-11,Interior,17
2020-11-11,Island,7
2020-11-11,London,18
2020-11-11,LowerMainland,623
2020-11-11,Northern,13
2020-11-11,Toronto,479
2020-11-11,Waterloo,65
2020-11-12,Halton,61
2020-11-12,Interior,23
2020-11-12,Island,14
2020-11-12,London,12
2020-11-12,LowerMainland,546
2020-11-12,Northern,2
2020-11-12,Toronto,421
2020-11-12,Waterloo,58
2020-11-13,Halton,44
2020-11-13,Interior,25
2020-11-13,Island,10
2020-11-13,London,10
2020-11-13,LowerMainland,503
2020-11-13,Northern,5
2020-11-13,Toronto,475
2020-11-13,Waterloo,50
2020-11-14,Halton,54
2020-11-14,Interior,30
2020-11-14,Island,10
2020-11-14,London,8
2020-11-14,LowerMainland,896
2020-11-14,Northern,9
2020-11-14,Toronto,412
2020-11-14,Waterloo,52
2020-11-15,Halton,47
2020-11-15,Interior,28
2020-11-15,Island,19
2020-11-15,London,16
2020-11-15,LowerMainland,533
2020-11-15,Northern,9
2020-11-15,Toronto,407
2020-11-15,Waterloo,52
2020-11-16,Halton,52
2020-11-16,Interior,19
2020-11-16,Island,17
2020-11-16,London,25
2020-11-16,LowerMainland,501
2020-11-16,Northern,13
2020-11-16,Toronto,502
2020-11-16,Waterloo,53
2020-11-17,Halton,42
2020-11-17,Interior,38
2020-11-17,Island,20
2020-11-17,London,12
2020-11-17,LowerMainland,661
2020-11-17,Northern,14
2020-11-17,Toronto,517
2020-11-17,Waterloo,58
2020-11-18,Halton,53
2020-11-18,Interior,27
2020-11-18,Island,13
2020-11-18,London,22
2020-11-18,LowerMainland,795
2020-11-18,Northern,26
2020-11-18,Toronto,504
2020-11-18,Waterloo,63
2020-11-19,Halton,61
2020-11-19,Interior,25
2020-11-19,Island,17
2020-11-19,London,16
2020-11-19,LowerMainland,583
2020-11-19,Northern,17
2020-11-19,Toronto,509
2020-11-19,Waterloo,63
2020-11-20,Halton,54
2020-11-20,Interior,41
2020-11-20,Island,16
2020-11-20,London,15
2020-11-20,LowerMainland,847
2020-11-20,Northern,30
2020-11-20,Toronto,513
2020-11-20,Waterloo,86
2020-11-21,Halton,33
2020-11-21,Interior,36
2020-11-21,Island,17
2020-11-21,London,15
2020-11-21,LowerMainland,653
2020-11-21,Northern,17
2020-11-21,Toronto,463
2020-11-21,Waterloo,52
2020-11-22,Halton,39
2020-11-22,Interior,50
2020-11-22,Island,14
2020-11-22,London,18
2020-11-22,LowerMainland,576
2020-11-22,Northern,16
2020-11-22,Other,1
2020-11-22,Toronto,423
2020-11-22,Waterloo,56
2020-11-23,Halton,61
2020-11-23,Interior,62
2020-11-23,Island,13
2020-11-23,London,29
2020-11-23,LowerMainland,585
2020-11-23,Northern,23
2020-11-23,Toronto,639
2020-11-23,Waterloo,83
2020-11-24,Halton,50
2020-11-24,Interior,59
2020-11-24,Island,24
2020-11-24,London,28
2020-11-24,LowerMainland,718
2020-11-24,Northern,41
2020-11-24,Toronto,541
2020-11-24,Waterloo,81
2020-11-25,Halton,42
2020-11-25,Interior,62
2020-11-25,Island,23
2020-11-25,London,18
2020-11-25,LowerMainland,758
2020-11-25,Northern,35
2020-11-25,Toronto,596
2020-11-25,Waterloo,80
2020-11-26,Halton,58
2020-11-26,Interior,58
2020-11-26,Island,16
2020-11-26,London,36
2020-11-26,LowerMainland,664
2020-11-26,Northern,20
2020-11-26,Toronto,560
2020-11-26,Waterloo,76
2020-11-27,Halton,43
2020-11-27,Interior,88
2020-11-27,Island,22
2020-11-27,London,35
2020-11-27,LowerMainland,561
2020-11-27,Northern,34
2020-11-27,Toronto,559
2020-11-27,Waterloo,72
2020-11-28,Halton,52
2020-11-28,Interior,46
2020-11-28,Island,28
2020-11-28,London,26
2020-11-28,LowerMainland,716
2020-11-28,Northern,28
2020-11-28,Other,1
2020-11-28,Toronto,529
2020-11-28,Waterloo,77
2020-11-29,Halton,52
2020-11-29,Interior,65
2020-11-29,Island,16
2020-11-29,London,43
2020-11-29,LowerMainland,546
2020-11-29,Northern,11
2020-11-29,Toronto,492
2020-11-29,Waterloo,42
2020-11-30,Halton,68
2020-11-30,Interior,86
2020-11-30,Island,10
2020-11-30,London,49
2020-11-30,LowerMainland,403
2020-11-30,Northern,44
2020-11-30,Other,1
2020-11-30,Toronto,598
2020-11-30,Waterloo,65
2020-12-01,Halton,70
2020-12-01,Interior,78
2020-12-01,Island,16
2020-12-01,London,40
2020-12-01,LowerMainland,651
2020-12-01,Northern,30
2020-12-01,Toronto,618
2020-12-01,Waterloo,65
2020-12-02,Halton,70
2020-12-02,Interior,75
2020-12-02,Island,7
2020-12-02,London,45
2020-12-02,LowerMainland,631
2020-12-02,Northern,44
2020-12-02,Toronto,594
2020-12-02,Waterloo,63
2020-12-03,Halton,59
2020-12-03,Interior,74
2020-12-03,Island,14
2020-12-03,London,47
2020-12-03,LowerMainland,563
2020-12-03,Northern,33
2020-12-03,Other,12
2020-12-03,Toronto,610
2020-12-03,Waterloo,55
2020-12-04,Halton,97
2020-12-04,Interior,68
2020-12-04,Island,13
2020-12-04,London,36
2020-12-04,LowerMainland,463
2020-12-04,Northern,43
2020-12-04,Other,2
2020-12-04,Toronto,601
2020-12-04,Waterloo,48
2020-12-05,Halton,57
2020-12-05,Interior,88
2020-12-05,Island,9
2020-12-05,London,39
2020-12-05,LowerMainland,633
2020-12-05,Northern,45
2020-12-05,Other,3
2020-12-05,Toronto,551
2020-12-05,Waterloo,58
2020-12-06,Halton,66
2020-12-06,Interior,72
2020-12-06,Island,13
2020-12-06,London,50
2020-12-06,LowerMainland,461
2020-12-06,Northern,25
2020-12-06,Other,1
2020-12-06,Toronto,518
2020-12-06,Waterloo,67
2020-12-07,Halton,70
2020-12-07,Interior,53
2020-12-07,Island,17
2020-12-07,London,51
2020-12-07,LowerMainland,493
2020-12-07,Northern,18
2020-12-07,Toronto,662
2020-12-07,Waterloo,64
2020-12-08,Halton,65
2020-12-08,Interior,105
2020-12-08,Island,7
2020-12-08,London,43
2020-12-08,LowerMainland,503
2020-12-08,Northern,45
2020-12-08,Toronto,637
2020-12-08,Waterloo,86
2020-12-09,Halton,89
2020-12-09,Interior,85
2020-12-09,Island,9
2020-12-09,London,69
2020-12-09,LowerMainland,629
2020-12-09,Northern,40
2020-12-09,Other,1
2020-12-09,Toronto,614
2020-12-09,Waterloo,96
2020-12-10,Halton,68
2020-12-10,Interior,111
2020-12-10,Island,6
2020-12-10,London,62
2020-12-10,LowerMainland,620
2020-12-10,Northern,37
2020-12-10,Toronto,587
2020-12-10,Waterloo,69
2020-12-11,Halton,76
2020-12-11,Interior,83
2020-12-11,Island,10
2020-12-11,London,60
2020-12-11,LowerMainland,582
2020-12-11,Northern,39
2020-12-11,Toronto,664
2020-12-11,Waterloo,78
2020-12-12,Halton,71
2020-12-12,Interior,81
2020-12-12,Island,3
2020-12-12,London,51
2020-12-12,LowerMainland,609
2020-12-12,Northern,42
2020-12-12,Other,2
2020-12-12,Toronto,649
2020-12-12,Waterloo,80
2020-12-13,Halton,46
2020-12-13,Interior,67
2020-12-13,Island,16
2020-12-13,London,50
2020-12-13,LowerMainland,448
2020-12-13,Northern,34
2020-12-13,Toronto,568
2020-12-13,Waterloo,90
2020-12-14,Halton,63
2020-12-14,Interior,80
2020-12-14,Island,8
2020-12-14,London,93
2020-12-14,LowerMainland,396
2020-12-14,Northern,31
2020-12-14,Other,2
2020-12-14,Toronto,760
2020-12-14,Waterloo,98
2020-12-15,Halton,94
2020-12-15,Interior,86
2020-12-15,Island,6
2020-12-15,London,69
2020-12-15,LowerMainland,462
2020-12-15,Northern,33
2020-12-15,Other,1
2020-12-15,Toronto,636
2020-12-15,Waterloo,74
2020-12-16,Halton,76
2020-12-16,Interior,50
2020-12-16,Island,1
2020-12-16,London,90
2020-12-16,LowerMainland,531
2020-12-16,Northern,53
2020-12-16,Other,1
2020-12-16,Toronto,718
2020-12-16,Waterloo,102
2020-12-17,Halton,96
2020-12-17,Interior,54
2020-12-17,Island,8
2020-12-17,London,55
2020-12-17,LowerMainland,519
2020-12-17,Northern,41
2020-12-17,Toronto,614
2020-12-17,Waterloo,94
2020-12-18,Halton,62
2020-12-18,Interior,64
2020-12-18,Island,7
2020-12-18,London,84
2020-12-18,LowerMainland,513
2020-12-18,Northern,56
2020-12-18,Toronto,611
2020-12-18,Waterloo,95
2020-12-19,Halton,53
2020-12-19,Interior,68
2020-12-19,Island,5
2020-12-19,London,68
2020-12-19,LowerMainland,480
2020-12-19,Northern,25
2020-12-19,Toronto,616
2020-12-19,Waterloo,72
2020-12-20,Halton,80
2020-12-20,Interior,87
2020-12-20,Island,12
2020-12-20,London,68
2020-12-20,LowerMainland,389
2020-12-20,Northern,16
2020-12-20,Toronto,589
2020-12-20,Waterloo,86
2020-12-21,Halton,94
2020-12-21,Interior,51
2020-12-21,Island,7
2020-12-21,London,81
2020-12-21,LowerMainland,317
2020-12-21,Northern,28
2020-12-21,Other,1
2020-12-21,Toronto,768
2020-12-21,Waterloo,83
2020-12-22,Halton,94
2020-12-22,Interior,57
2020-12-22,Island,13
2020-12-22,London,73
2020-12-22,LowerMainland,399
2020-12-22,Northern,43
2020-12-22,Toronto,689
2020-12-22,Waterloo,90
2020-12-23,Halton,91
2020-12-23,Interior,73
2020-12-23,Island,10
2020-12-23,London,86
2020-12-23,LowerMainland,399
2020-12-23,Northern,54
2020-12-23,Toronto,730
2020-12-23,Waterloo,85
2020-12-24,Halton,87
2020-12-24,Interior,49
2020-12-24,Island,9
2020-12-24,London,68
2020-12-24,LowerMainland,459
2020-12-24,Northern,37
2020-12-24,Toronto,843
2020-12-24,Waterloo,78
2020-12-25,Halton,69
2020-12-25,Interior,36
2020-12-25,Island,2
2020-12-25,London,70
2020-12-25,LowerMainland,334
2020-12-25,Northern,33
2020-12-25,Toronto,682
2020-12-25,Waterloo,80
2020-12-26,Halton,99
2020-12-26,Interior,51
2020-12-26,Island,4
2020-12-26,London,97
2020-12-26,LowerMainland,255
2020-12-26,Northern,21
2020-12-26,Toronto,913
2020-12-26,Waterloo,107
2020-12-27,Halton,105
2020-12-27,Interior,54
2020-12-27,Island,11
2020-12-27,London,98
2020-12-27,LowerMainland,380
2020-12-27,Northern,31
2020-12-27,Toronto,752
2020-12-27,Waterloo,130
2020-12-28,Halton,111
2020-12-28,Interior,53
2020-12-28,Island,14
2020-12-28,London,126
2020-12-28,LowerMainland,320
2020-12-28,Northern,17
2020-12-28,Toronto,925
2020-12-28,Waterloo,118
2020-12-29,Halton,96
2020-12-29,Interior,68
2020-12-29,Island,14
2020-12-29,London,95
2020-12-29,LowerMainland,479
2020-12-29,Northern,57
2020-12-29,Toronto,888
2020-12-29,Waterloo,124
2020-12-30,Halton,87
2020-12-30,Interior,105
2020-12-30,Island,12
2020-12-30,London,81
2020-12-30,LowerMainland,414
2020-12-30,Northern,63
2020-12-30,Toronto,857
2020-12-30,Waterloo,115
2020-12-31,Halton,106
2020-12-31,Interior,86
2020-12-31,Island,17
2020-12-31,London,105
2020-12-31,LowerMainland,476
2020-12-31,Northern,42
2020-12-31,Toronto,853
2020-12-31,Waterloo,155
2021-01-01,Halton,86
2021-01-01,Interior,60
2021-01-01,Island,18
2021-01-01,London,109
2021-01-01,LowerMainland,428
2021-01-01,Northern,89
2021-01-01,Toronto,956
2021-01-01,Waterloo,115
2021-01-02,Halton,107
2021-01-02,Interior,46
2021-01-02,Island,13
2021-01-02,London,118
2021-01-02,LowerMainland,319
2021-01-02,Northern,35
2021-01-02,Toronto,937
2021-01-02,Waterloo,153
2021-01-03,Halton,90
2021-01-03,Interior,83
2021-01-03,Island,16
2021-01-03,London,106
2021-01-03,LowerMainland,409
2021-01-03,Northern,27
2021-01-03,Toronto,909
2021-01-03,Waterloo,118
2021-01-04,Halton,102
2021-01-04,Interior,50
2021-01-04,Island,13
2021-01-04,London,116
2021-01-04,LowerMainland,405
2021-01-04,Northern,49
2021-01-04,Toronto,1090
2021-01-04,Waterloo,163
2021-01-05,Halton,101
2021-01-05,Interior,72
2021-01-05,Island,32
2021-01-05,London,93
2021-01-05,LowerMainland,429
2021-01-05,Northern,33
2021-01-05,Toronto,939
2021-01-05,Waterloo,136
2021-01-06,Halton,85
2021-01-06,Interior,93
2021-01-06,Island,12
2021-01-06,London,95
2021-01-06,LowerMainland,433
2021-01-06,Northern,67
2021-01-06,Other,1
2021-01-06,Toronto,922
2021-01-06,Waterloo,177
2021-01-07,Halton,86
2021-01-07,Interior,61
2021-01-07,Island,29
2021-01-07,London,99
2021-01-07,LowerMainland,407
2021-01-07,Northern,48
2021-01-07,Other,2
2021-01-07,Toronto,806
2021-01-07,Waterloo,141
2021-01-08,Halton,70
2021-01-08,Interior,94
2021-01-08,Island,10
2021-01-08,London,91
2021-01-08,LowerMainland,386
2021-01-08,Northern,38
2021-01-08,Other,1
2021-01-08,Toronto,858
2021-01-08,Waterloo,116
2021-01-09,Halton,49
2021-01-09,Interior,46
2021-01-09,Island,30
2021-01-09,London,75
2021-01-09,LowerMainland,374
2021-01-09,Northern,80
2021-01-09,Other,2
2021-01-09,Toronto,776
2021-01-09,Waterloo,96
2021-01-10,Halton,59
2021-01-10,Interior,79
2021-01-10,Island,18
2021-01-10,London,74
2021-01-10,LowerMainland,294
2021-01-10,Northern,58
2021-01-10,Toronto,697
2021-01-10,Waterloo,111
2021-01-11,Halton,61
2021-01-11,Interior,67
2021-01-11,Island,13
2021-01-11,London,91
2021-01-11,LowerMainland,282
2021-01-11,Northern,47
2021-01-11,Other,1
2021-01-11,Toronto,834
2021-01-11,Waterloo,122
2021-01-12,Halton,59
2021-01-12,Interior,81
2021-01-12,Island,33
2021-01-12,London,64
2021-01-12,LowerMainland,347
2021-01-12,Northern,43
2021-01-12,Toronto,734
2021-01-12,Waterloo,116
2021-01-13,Halton,73
2021-01-13,Interior,118
2021-01-13,Island,17
2021-01-13,London,75
2021-01-13,LowerMainland,336
2021-01-13,Northern,52
2021-01-13,Toronto,811
2021-01-13,Waterloo,105
2021-01-14,Halton,75
2021-01-14,Interior,87
2021-01-14,Island,13
2021-01-14,London,35
2021-01-14,LowerMainland,354
2021-01-14,Northern,41
2021-01-14,Toronto,815
2021-01-14,Waterloo,104
2021-01-15,Halton,72
2021-01-15,Interior,125
2021-01-15,Island,34
2021-01-15,London,57
2021-01-15,LowerMainland,337
2021-01-15,Northern,77
2021-01-15,Toronto,807
2021-01-15,Waterloo,98
2021-01-16,Halton,60
2021-01-16,Interior,70
2021-01-16,Island,17
2021-01-16,London,35
2021-01-16,LowerMainland,310
2021-01-16,Northern,63
2021-01-16,Other,2
2021-01-16,Toronto,694
2021-01-16,Waterloo,109
2021-01-17,Halton,50
2021-01-17,Interior,58
2021-01-17,Island,16
2021-01-17,London,46
2021-01-17,LowerMainland,207
2021-01-17,Northern,34
2021-01-17,Other,5
2021-01-17,Toronto,636
2021-01-17,Waterloo,75
2021-01-18,Halton,57
2021-01-18,Interior,58
2021-01-18,Island,24
2021-01-18,London,52
2021-01-18,LowerMainland,274
2021-01-18,Northern,23
2021-01-18,Toronto,746
2021-01-18,Waterloo,107
2021-01-19,Halton,57
2021-01-19,Interior,94
2021-01-19,Island,25
2021-01-19,London,44
2021-01-19,LowerMainland,354
2021-01-19,Northern,39
2021-01-19,Other,1
2021-01-19,Toronto,658
2021-01-19,Waterloo,86
2021-01-20,Halton,97
2021-01-20,Interior,91
2021-01-20,Island,46
2021-01-20,London,44
2021-01-20,LowerMainland,349
2021-01-20,Northern,72
2021-01-20,Toronto,577
2021-01-20,Waterloo,65
2021-01-21,Halton,57
2021-01-21,Interior,73
2021-01-21,Island,13
2021-01-21,London,39
2021-01-21,LowerMainland,377
2021-01-21,Northern,57
2021-01-21,Toronto,628
2021-01-21,Waterloo,71
2021-01-22,Halton,55
2021-01-22,Interior,103
2021-01-22,Island,28
2021-01-22,London,38
2021-01-22,LowerMainland,316
2021-01-22,Northern,39
2021-01-22,Other,2
2021-01-22,Toronto,634
2021-01-22,Waterloo,69
2021-01-23,Halton,44
2021-01-23,Interior,86
2021-01-23,Island,23
2021-01-23,London,32
2021-01-23,LowerMainland,342
2021-01-23,Northern,42
2021-01-23,Toronto,525
2021-01-23,Waterloo,65
2021-01-24,Halton,35
2021-01-24,Interior,52
2021-01-24,Island,19
2021-01-24,London,31
2021-01-24,LowerMainland,256
2021-01-24,Northern,32
2021-01-24,Toronto,451
2021-01-24,Waterloo,42
2021-01-25,Halton,79
2021-01-25,Interior,51
2021-01-25,Island,18
2021-01-25,London,33
2021-01-25,LowerMainland,246
2021-01-25,Northern,19
2021-01-25,Other,1
2021-01-25,Toronto,539
2021-01-25,Waterloo,66
2021-01-26,Halton,34
2021-01-26,Interior,104
2021-01-26,Island,45
2021-01-26,London,35
2021-01-26,LowerMainland,353
2021-01-26,Northern,35
2021-01-26,Toronto,551
2021-01-26,Waterloo,70
2021-01-27,Halton,44
2021-01-27,Interior,55
2021-01-27,Island,30
2021-01-27,London,34
2021-01-27,LowerMainland,362
2021-01-27,Northern,53
2021-01-27,Toronto,514
2021-01-27,Waterloo,51
2021-01-28,Halton,32
2021-01-28,Interior,66
2021-01-28,Island,30
2021-01-28,London,26
2021-01-28,LowerMainland,373
2021-01-28,Northern,53
2021-01-28,Toronto,525
2021-01-28,Waterloo,50
2021-01-29,Halton,50
2021-01-29,Interior,58
2021-01-29,Island,20
2021-01-29,London,32
2021-01-29,LowerMainland,305
2021-01-29,Northern,36
2021-01-29,Other,2
2021-01-29,Toronto,497
2021-01-29,Waterloo,47
2021-01-30,Halton,37
2021-01-30,Interior,94
2021-01-30,Island,31
2021-01-30,London,22
2021-01-30,LowerMainland,317
2021-01-30,Northern,36
2021-01-30,Toronto,437
2021-01-30,Waterloo,36
2021-01-31,Halton,29
2021-01-31,Interior,43
2021-01-31,Island,29
2021-01-31,London,19
2021-01-31,LowerMainland,190
2021-01-31,Northern,32
2021-01-31,Toronto,360
2021-01-31,Waterloo,39
2021-02-01,Halton,115
2021-02-01,Interior,48
2021-02-01,Island,29
2021-02-01,London,21
2021-02-01,LowerMainland,291
2021-02-01,Northern,29
2021-02-01,Other,1
2021-02-01,Toronto,499
2021-02-01,Waterloo,46
2021-02-02,Halton,58
2021-02-02,Interior,62
2021-02-02,Island,22
2021-02-02,London,30
2021-02-02,LowerMainland,287
2021-02-02,Northern,31
2021-02-02,Toronto,415
2021-02-02,Waterloo,60
2021-02-03,Halton,49
2021-02-03,Interior,60
2021-02-03,Island,29
2021-02-03,London,20
2021-02-03,LowerMainland,323
2021-02-03,Northern,60
2021-02-03,Toronto,414
2021-02-03,Waterloo,44
2021-02-04,Halton,27
2021-02-04,Interior,59
2021-02-04,Island,28
2021-02-04,London,21
2021-02-04,LowerMainland,318
2021-02-04,Northern,70
2021-02-04,Toronto,386
2021-02-04,Waterloo,60
2021-02-05,Halton,47
2021-02-05,Interior,84
2021-02-05,Island,38
2021-02-05,London,41
2021-02-05,LowerMainland,296
2021-02-05,Northern,27
2021-02-05,Toronto,392
2021-02-05,Waterloo,42
2021-02-06,Halton,13
2021-02-06,Interior,51
2021-02-06,Island,23
2021-02-06,London,14
2021-02-06,LowerMainland,333
2021-02-06,Northern,75
2021-02-06,Other,1
2021-02-06,Toronto,338
2021-02-06,Waterloo,58
2021-02-07,Halton,48
2021-02-07,Interior,23
2021-02-07,Island,25
2021-02-07,London,15
2021-02-07,LowerMainland,264
2021-02-07,Northern,34
2021-02-07,Other,2
2021-02-07,Toronto,306
2021-02-07,Waterloo,26
2021-02-08,Halton,54
2021-02-08,Interior,46
2021-02-08,Island,24
2021-02-08,London,19
2021-02-08,LowerMainland,296
2021-02-08,Northern,28
2021-02-08,Toronto,395
2021-02-08,Waterloo,59
2021-02-09,Halton,39
2021-02-09,Interior,47
2021-02-09,Island,25
2021-02-09,London,20
2021-02-09,LowerMainland,350
2021-02-09,Northern,52
2021-02-09,Other,1
2021-02-09,Toronto,386
2021-02-09,Waterloo,55
2021-02-10,Halton,36
2021-02-10,Interior,54
2021-02-10,Island,16
2021-02-10,London,16
2021-02-10,LowerMainland,337
2021-02-10,Northern,42
2021-02-10,Other,1
2021-02-10,Toronto,365
2021-02-10,Waterloo,47
2021-02-11,Halton,26
2021-02-11,Interior,40
2021-02-11,Island,15
2021-02-11,London,10
2021-02-11,LowerMainland,355
2021-02-11,Northern,23
2021-02-11,Toronto,325
2021-02-11,Waterloo,32
2021-02-12,Halton,27
2021-02-12,Interior,40
2021-02-12,Island,17
2021-02-12,London,14
2021-02-12,LowerMainland,328
2021-02-12,Northern,63
2021-02-12,Other,1
2021-02-12,Toronto,365
2021-02-12,Waterloo,31
2021-02-13,Halton,28
2021-02-13,Interior,30
2021-02-13,Island,15
2021-02-13,London,12
2021-02-13,LowerMainland,351
2021-02-13,Northern,47
2021-02-13,Other,3
2021-02-13,Toronto,294
2021-02-13,Waterloo,47
2021-02-14,Halton,31
2021-02-14,Interior,12
2021-02-14,Island,13
2021-02-14,London,10
2021-02-14,LowerMainland,308
2021-02-14,Northern,27
2021-02-14,Toronto,255
2021-02-14,Waterloo,31
2021-02-15,Halton,37
2021-02-15,Interior,15
2021-02-15,Island,20
2021-02-15,London,12
2021-02-15,LowerMainland,280
2021-02-15,Northern,10
2021-02-15,Other,1
2021-02-15,Toronto,329
2021-02-15,Waterloo,35
2021-02-16,Halton,30
2021-02-16,Interior,38
2021-02-16,Island,21
2021-02-16,London,9
2021-02-16,LowerMainland,320
2021-02-16,Northern,15
2021-02-16,Other,1
2021-02-16,Toronto,343
2021-02-16,Waterloo,36
2021-02-17,Halton,41
2021-02-17,Interior,18
2021-02-17,Island,21
2021-02-17,London,16
2021-02-17,LowerMainland,482
2021-02-17,Northern,95
2021-02-17,Toronto,368
2021-02-17,Waterloo,43
2021-02-18,Halton,31
2021-02-18,Interior,61
2021-02-18,Island,19
2021-02-18,London,13
2021-02-18,LowerMainland,414
2021-02-18,Northern,37
2021-02-18,Toronto,335
2021-02-18,Waterloo,54
2021-02-19,Halton,26
2021-02-19,Interior,21
2021-02-19,Island,46
2021-02-19,London,11
2021-02-19,LowerMainland,415
2021-02-19,Northern,49
2021-02-19,Toronto,337
2021-02-19,Waterloo,42
2021-02-20,Halton,29
2021-02-20,Interior,19
2021-02-20,Island,30
2021-02-20,London,8
2021-02-20,LowerMainland,410
2021-02-20,Northern,33
2021-02-20,Other,1
2021-02-20,Toronto,324
2021-02-20,Waterloo,47
2021-02-21,Halton,35
2021-02-21,Interior,28
2021-02-21,Island,25
2021-02-21,London,3
2021-02-21,LowerMainland,375
2021-02-21,Northern,26
2021-02-21,Other,1
2021-02-21,Toronto,237
2021-02-21,Waterloo,56
2021-02-22,Halton,27
2021-02-22,Interior,40
2021-02-22,Island,38
2021-02-22,London,9
2021-02-22,LowerMainland,366
2021-02-22,Northern,54
2021-02-22,Other,3
2021-02-22,Toronto,360
2021-02-22,Waterloo,45
2021-02-23,Halton,39
2021-02-23,Interior,34
2021-02-23,Island,35
2021-02-23,London,9
2021-02-23,LowerMainland,423
2021-02-23,Northern,28
2021-02-23,Toronto,322
2021-02-23,Waterloo,53
2021-02-24,Halton,31
2021-02-24,Interior,25
2021-02-24,Island,43
2021-02-24,London,15
2021-02-24,LowerMainland,399
2021-02-24,Northern,39
2021-02-24,Toronto,323
2021-02-24,Waterloo,66
2021-02-25,Halton,32
2021-02-25,Interior,50
2021-02-25,Island,31
2021-02-25,London,18
2021-02-25,LowerMainland,481
2021-02-25,Northern,31
2021-02-25,Toronto,289
2021-02-25,Waterloo,52
2021-02-26,Halton,38
2021-02-26,Interior,30
2021-02-26,Island,37
2021-02-26,London,20
2021-02-26,LowerMainland,392
2021-02-26,Northern,57
2021-02-26,Other,2
2021-02-26,Toronto,289
2021-02-26,Waterloo,40
2021-02-27,Halton,38
2021-02-27,Interior,25
2021-02-27,Island,27
2021-02-27,London,18
2021-02-27,LowerMainland,403
2021-02-27,Northern,38
2021-02-27,Toronto,302
2021-02-27,Waterloo,54
2021-02-28,Halton,33
2021-02-28,Interior,23
2021-02-28,Island,25
2021-02-28,London,30
2021-02-28,LowerMainland,381
2021-02-28,Northern,22
2021-02-28,Toronto,257
2021-02-28,Waterloo,42
2021-03-01,Halton,41
2021-03-01,Interior,15
2021-03-01,Island,22
2021-03-01,London,21
2021-03-01,LowerMainland,400
2021-03-01,Northern,20
2021-03-01,Toronto,422
2021-03-01,Waterloo,57
2021-03-02,Halton,42
2021-03-02,Interior,47
2021-03-02,Island,28
2021-03-02,London,15
2021-03-02,LowerMainland,433
2021-03-02,Northern,49
2021-03-02,Other,1
2021-03-02,Toronto,370
2021-03-02,Waterloo,41
2021-03-03,Halton,60
2021-03-03,Interior,28
2021-03-03,Island,36
2021-03-03,London,19
2021-03-03,LowerMainland,456
2021-03-03,Northern,43
2021-03-03,Toronto,363
2021-03-03,Waterloo,42
2021-03-04,Halton,30
2021-03-04,Interior,37
2021-03-04,Island,26
2021-03-04,London,11
2021-03-04,LowerMainland,506
2021-03-04,Northern,58
2021-03-04,Toronto,372
2021-03-04,Waterloo,47
2021-03-05,Halton,43
2021-03-05,Interior,34
2021-03-05,Island,28
2021-03-05,London,16
2021-03-05,LowerMainland,424
2021-03-05,Northern,60
2021-03-05,Toronto,412
2021-03-05,Waterloo,41
2021-03-06,Halton,39
2021-03-06,Interior,32
2021-03-06,Island,29
2021-03-06,London,22
2021-03-06,LowerMainland,461
2021-03-06,Northern,34
2021-03-06,Other,2
2021-03-06,Toronto,337
2021-03-06,Waterloo,30
2021-03-07,Halton,31
2021-03-07,Interior,18
2021-03-07,Island,13
2021-03-07,London,21
2021-03-07,LowerMainland,363
2021-03-07,Northern,5
2021-03-07,Toronto,361
2021-03-07,Waterloo,29
2021-03-08,Halton,38
2021-03-08,Interior,30
2021-03-08,Island,8
2021-03-08,London,25
2021-03-08,LowerMainland,407
2021-03-08,Northern,52
2021-03-08,Toronto,438
2021-03-08,Waterloo,43
2021-03-09,Halton,45
2021-03-09,Interior,39
2021-03-09,Island,19
2021-03-09,London,26
2021-03-09,LowerMainland,441
2021-03-09,Northern,31
2021-03-09,Other,1
2021-03-09,Toronto,423
2021-03-09,Waterloo,38
2021-03-10,Halton,39
2021-03-10,Interior,24
2021-03-10,Island,42
2021-03-10,London,24
2021-03-10,LowerMainland,449
2021-03-10,Northern,61
2021-03-10,Toronto,509
2021-03-10,Waterloo,41
2021-03-11,Halton,37
2021-03-11,Interior,45
2021-03-11,Island,34
2021-03-11,London,13
2021-03-11,LowerMainland,521
2021-03-11,Northern,58
2021-03-11,Toronto,431
2021-03-11,Waterloo,40
2021-03-12,Halton,50
2021-03-12,Interior,28
2021-03-12,Island,39
2021-03-12,London,24
2021-03-12,LowerMainland,439
2021-03-12,Northern,44
2021-03-12,Toronto,461
2021-03-12,Waterloo,37
2021-03-13,Halton,43
2021-03-13,Interior,28
2021-03-13,Island,19
2021-03-13,London,14
2021-03-13,LowerMainland,443
2021-03-13,Northern,35
2021-03-13,Other,1
2021-03-13,Toronto,406
2021-03-13,Waterloo,35
2021-03-14,Halton,36
2021-03-14,Interior,22
2021-03-14,Island,20
2021-03-14,London,21
2021-03-14,LowerMainland,381
2021-03-14,Northern,58
2021-03-14,Other,1
2021-03-14,Toronto,364
2021-03-14,Waterloo,21
2021-03-15,Halton,57
2021-03-15,Interior,15
2021-03-15,Island,23
2021-03-15,London,30
2021-03-15,LowerMainland,418
2021-03-15,Northern,25
2021-03-15,Toronto,565
2021-03-15,Waterloo,30
2021-03-16,Halton,46
2021-03-16,Interior,30
2021-03-16,Island,13
2021-03-16,London,31
2021-03-16,LowerMainland,434
2021-03-16,Northern,34
2021-03-16,Other,3
2021-03-16,Toronto,539
2021-03-16,Waterloo,42
2021-03-17,Halton,51
2021-03-17,Interior,30
2021-03-17,Island,33
2021-03-17,London,26
2021-03-17,LowerMainland,477
2021-03-17,Northern,56
2021-03-17,Toronto,597
2021-03-17,Waterloo,46
2021-03-18,Halton,40
2021-03-18,Interior,33
2021-03-18,Island,36
2021-03-18,London,38
2021-03-18,LowerMainland,599
2021-03-18,Northern,67
2021-03-18,Toronto,567
2021-03-18,Waterloo,36
2021-03-19,Halton,47
2021-03-19,Interior,23
2021-03-19,Island,29
2021-03-19,London,32
2021-03-19,LowerMainland,459
2021-03-19,Northern,60
2021-03-19,Toronto,653
2021-03-19,Waterloo,31
2021-03-20,Halton,63
2021-03-20,Interior,29
2021-03-20,Island,19
2021-03-20,London,37
2021-03-20,LowerMainland,506
2021-03-20,Northern,58
2021-03-20,Other,2
2021-03-20,Toronto,617
2021-03-20,Waterloo,46
2021-03-21,Halton,44
2021-03-21,Interior,36
2021-03-21,Island,34
2021-03-21,London,38
2021-03-21,LowerMainland,559
2021-03-21,Northern,30
2021-03-21,Toronto,631
2021-03-21,Waterloo,36
2021-03-22,Halton,67
2021-03-22,Interior,34
2021-03-22,Island,19
2021-03-22,London,62
2021-03-22,LowerMainland,510
2021-03-22,Northern,20
2021-03-22,Other,3
2021-03-22,Toronto,751
2021-03-22,Waterloo,50
2021-03-23,Halton,84
2021-03-23,Interior,35
2021-03-23,Island,26
2021-03-23,London,62
2021-03-23,LowerMainland,614
2021-03-23,Northern,45
2021-03-23,Other,1
2021-03-23,Toronto,808
2021-03-23,Waterloo,43
2021-03-24,Halton,77
2021-03-24,Interior,48
2021-03-24,Island,40
2021-03-24,London,76
2021-03-24,LowerMainland,645
2021-03-24,Northern,62
2021-03-24,Toronto,813
2021-03-24,Waterloo,48
2021-03-25,Halton,62
2021-03-25,Interior,49
2021-03-25,Island,57
2021-03-25,London,55
2021-03-25,LowerMainland,790
2021-03-25,Northern,92
2021-03-25,Other,3
2021-03-25,Toronto,716
2021-03-25,Waterloo,41
2021-03-26,Halton,74
2021-03-26,Interior,67
2021-03-26,Island,62
2021-03-26,London,70
2021-03-26,LowerMainland,703
2021-03-26,Northern,48
2021-03-26,Other,1
2021-03-26,Toronto,847
2021-03-26,Waterloo,50
2021-03-27,Halton,72
2021-03-27,Interior,43
2021-03-27,Island,28
2021-03-27,London,76
2021-03-27,LowerMainland,717
2021-03-27,Northern,34
2021-03-27,Toronto,769
2021-03-27,Waterloo,42
2021-03-28,Halton,76
2021-03-28,Interior,52
2021-03-28,Island,50
2021-03-28,London,81
2021-03-28,LowerMainland,651
2021-03-28,Northern,39
2021-03-28,Toronto,744
2021-03-28,Waterloo,36
2021-03-29,Halton,109
2021-03-29,Interior,58
2021-03-29,Island,45
2021-03-29,London,134
2021-03-29,LowerMainland,649
2021-03-29,Northern,32
2021-03-29,Other,1
2021-03-29,Toronto,919
2021-03-29,Waterloo,50
2021-03-30,Halton,95
2021-03-30,Interior,64
2021-03-30,Island,53
2021-03-30,London,145
2021-03-30,LowerMainland,851
2021-03-30,Northern,52
2021-03-30,Toronto,882
2021-03-30,Waterloo,55
2021-03-31,Halton,93
2021-03-31,Interior,60
2021-03-31,Island,56
2021-03-31,London,111
2021-03-31,LowerMainland,714
2021-03-31,Northern,50
2021-03-31,Other,1
2021-03-31,Toronto,840
2021-03-31,Waterloo,66
2021-04-01,Halton,135
2021-04-01,Interior,85
2021-04-01,Island,76
2021-04-01,London,149
2021-04-01,LowerMainland,846
2021-04-01,Northern,67
2021-04-01,Other,1
2021-04-01,Toronto,1142
2021-04-01,Waterloo,57
2021-04-02,Halton,118
2021-04-02,Interior,80
2021-04-02,Island,68
2021-04-02,London,118
2021-04-02,LowerMainland,915
2021-04-02,Northern,40
2021-04-02,Toronto,976
2021-04-02,Waterloo,64
2021-04-03,Halton,122
2021-04-03,Interior,71
2021-04-03,Island,57
2021-04-03,London,100
2021-04-03,LowerMainland,841
2021-04-03,Northern,61
2021-04-03,Other,1
2021-04-03,Toronto,1002
2021-04-03,Waterloo,66
2021-04-04,Halton,119
2021-04-04,Interior,64
2021-04-04,Island,48
2021-04-04,London,101
2021-04-04,LowerMainland,761
2021-04-04,Northern,39
2021-04-04,Toronto,1047
2021-04-04,Waterloo,73
2021-04-05,Halton,171
2021-04-05,Interior,91
2021-04-05,Island,53
2021-04-05,London,161
2021-04-05,LowerMainland,751
2021-04-05,Northern,33
2021-04-05,Toronto,1305
2021-04-05,Waterloo,104
2021-04-06,Halton,189
2021-04-06,Interior,101
2021-04-06,Island,65
2021-04-06,London,142
2021-04-06,LowerMainland,837
2021-04-06,Northern,34
2021-04-06,Toronto,1390
2021-04-06,Waterloo,101
2021-04-07,Halton,163
2021-04-07,Interior,100
2021-04-07,Island,66
2021-04-07,London,153
2021-04-07,LowerMainland,1096
2021-04-07,Northern,56
2021-04-07,Other,2
2021-04-07,Toronto,1339
2021-04-07,Waterloo,89
2021-04-08,Halton,162
2021-04-08,Interior,109
2021-04-08,Island,52
2021-04-08,London,134
2021-04-08,LowerMainland,990
2021-04-08,Northern,68
2021-04-08,Other,1
2021-04-08,Toronto,1280
2021-04-08,Waterloo,102
2021-04-09,Halton,171
2021-04-09,Interior,100
2021-04-09,Island,80
2021-04-09,London,127
2021-04-09,LowerMainland,1072
2021-04-09,Northern,64
2021-04-09,Toronto,1280
2021-04-09,Waterloo,84
2021-04-10,Halton,176
2021-04-10,Interior,125
2021-04-10,Island,46
2021-04-10,London,102
2021-04-10,LowerMainland,868
2021-04-10,Northern,25
2021-04-10,Toronto,1195
2021-04-10,Waterloo,99
2021-04-11,Halton,148
2021-04-11,Interior,93
2021-04-11,Island,52
2021-04-11,London,108
2021-04-11,LowerMainland,862
2021-04-11,Northern,37
2021-04-11,Toronto,1105
2021-04-11,Waterloo,83
2021-04-12,Halton,157
2021-04-12,Interior,85
2021-04-12,Island,42
2021-04-12,London,138
2021-04-12,LowerMainland,786
2021-04-12,Northern,30
2021-04-12,Other,2
2021-04-12,Toronto,1218
2021-04-12,Waterloo,75
2021-04-13,Halton,149
2021-04-13,Interior,89
2021-04-13,Island,53
2021-04-13,London,89
2021-04-13,LowerMainland,821
2021-04-13,Northern,46
2021-04-13,Toronto,1174
2021-04-13,Waterloo,90
2021-04-14,Halton,148
2021-04-14,Interior,91
2021-04-14,Island,44
2021-04-14,London,90
2021-04-14,LowerMainland,1031
2021-04-14,Northern,57
2021-04-14,Toronto,1299
2021-04-14,Waterloo,80
2021-04-15,Halton,135
2021-04-15,Interior,92
2021-04-15,Island,45
2021-04-15,London,101
2021-04-15,LowerMainland,758
2021-04-15,Northern,35
2021-04-15,Toronto,1214
2021-04-15,Waterloo,84
2021-04-16,Halton,153
2021-04-16,Interior,102
2021-04-16,Island,29
2021-04-16,London,101
2021-04-16,LowerMainland,936
2021-04-16,Northern,19
2021-04-16,Toronto,1175
2021-04-16,Waterloo,73
2021-04-17,Halton,116
2021-04-17,Interior,63
2021-04-17,Island,42
2021-04-17,London,108
2021-04-17,LowerMainland,826
2021-04-17,Northern,37
2021-04-17,Toronto,1094
2021-04-17,Waterloo,99
2021-04-18,Halton,120
2021-04-18,Interior,68
2021-04-18,Island,36
2021-04-18,London,76
2021-04-18,LowerMainland,870
2021-04-18,Northern,46
2021-04-18,Toronto,1056
2021-04-18,Waterloo,68
2021-04-19,Halton,124
2021-04-19,Interior,41
2021-04-19,Island,28
2021-04-19,London,106
2021-04-19,LowerMainland,647
2021-04-19,Northern,31
2021-04-19,Other,3
2021-04-19,Toronto,1321
2021-04-19,Waterloo,73
2021-04-20,Halton,139
2021-04-20,Interior,90
2021-04-20,Island,26
2021-04-20,London,83
2021-04-20,LowerMainland,791
2021-04-20,Northern,23
2021-04-20,Toronto,1148
2021-04-20,Waterloo,79
2021-04-21,Halton,100
2021-04-21,Interior,74
2021-04-21,Island,41
2021-04-21,London,92
2021-04-21,LowerMainland,797
2021-04-21,Northern,49
2021-04-21,Toronto,1164
2021-04-21,Waterloo,79
2021-04-22,Halton,114
2021-04-22,Interior,71
2021-04-22,Island,24
2021-04-22,London,84
2021-04-22,LowerMainland,882
2021-04-22,Northern,37
2021-04-22,Other,1
2021-04-22,Toronto,1017
2021-04-22,Waterloo,89
2021-04-23,Halton,141
2021-04-23,Interior,79
2021-04-23,Island,37
2021-04-23,London,93
2021-04-23,LowerMainland,743
2021-04-23,Northern,32
2021-04-23,Toronto,1115
2021-04-23,Waterloo,73
2021-04-24,Halton,123
2021-04-24,Interior,79
2021-04-24,Island,31
2021-04-24,London,88
2021-04-24,LowerMainland,746
2021-04-24,Northern,17
2021-04-24,Other,4
2021-04-24,Toronto,1004
2021-04-24,Waterloo,51
2021-04-25,Halton,93
2021-04-25,Interior,58
2021-04-25,Island,17
2021-04-25,London,78
2021-04-25,LowerMainland,642
2021-04-25,Northern,48
2021-04-25,Toronto,876
2021-04-25,Waterloo,50
2021-04-26,Halton,118
2021-04-26,Interior,68
2021-04-26,Island,27
2021-04-26,London,104
2021-04-26,LowerMainland,673
2021-04-26,Northern,12
2021-04-26,Toronto,1079
2021-04-26,Waterloo,62
2021-04-27,Halton,113
2021-04-27,Interior,69
2021-04-27,Island,35
2021-04-27,London,74
2021-04-27,LowerMainland,674
2021-04-27,Northern,23
2021-04-27,Toronto,1020
2021-04-27,Waterloo,69
2021-04-28,Halton,121
2021-04-28,Interior,50
2021-04-28,Island,32
2021-04-28,London,93
2021-04-28,LowerMainland,766
2021-04-28,Northern,23
2021-04-28,Other,1
2021-04-28,Toronto,1088
2021-04-28,Waterloo,74
2021-04-29,Halton,122
2021-04-29,Interior,73
2021-04-29,Island,32
2021-04-29,London,75
2021-04-29,LowerMainland,616
2021-04-29,Northern,26
2021-04-29,Toronto,1001
2021-04-29,Waterloo,55
2021-04-30,Halton,107
2021-04-30,Interior,63
2021-04-30,Island,26
2021-04-30,London,89
2021-04-30,LowerMainland,789
2021-04-30,Northern,15
2021-04-30,Toronto,975
2021-04-30,Waterloo,80
2021-05-01,Halton,109
2021-05-01,Interior,32
2021-05-01,Island,21
2021-05-01,London,89
2021-05-01,LowerMainland,611
2021-05-01,Northern,22
2021-05-01,Toronto,953
2021-05-01,Waterloo,63
2021-05-02,Halton,102
2021-05-02,Interior,34
2021-05-02,Island,15
2021-05-02,London,71
2021-05-02,LowerMainland,573
2021-05-02,Northern,22
2021-05-02,Toronto,757
2021-05-02,Waterloo,57
2021-05-03,Halton,147
2021-05-03,Interior,36
2021-05-03,Island,17
2021-05-03,London,80
2021-05-03,LowerMainland,504
2021-05-03,Northern,11
2021-05-03,Toronto,940
2021-05-03,Waterloo,48
2021-05-04,Halton,99
2021-05-04,Interior,60
2021-05-04,Island,20
2021-05-04,London,84
2021-05-04,LowerMainland,536
2021-05-04,Northern,14
2021-05-04,Toronto,800
2021-05-04,Waterloo,54
2021-05-05,Halton,85
2021-05-05,Interior,46
2021-05-05,Island,16
2021-05-05,London,80
2021-05-05,LowerMainland,623
2021-05-05,Northern,29
2021-05-05,Toronto,760
2021-05-05,Waterloo,68
2021-05-06,Halton,87
2021-05-06,Interior,41
2021-05-06,Island,17
2021-05-06,London,59
2021-05-06,LowerMainland,573
2021-05-06,Northern,19
2021-05-06,Other,1
2021-05-06,Toronto,678
2021-05-06,Waterloo,62
2021-05-07,Halton,91
2021-05-07,Interior,48
2021-05-07,Island,23
2021-05-07,London,67
2021-05-07,LowerMainland,530
2021-05-07,Northern,18
2021-05-07,Other,1
2021-05-07,Toronto,660
2021-05-07,Waterloo,58
2021-05-08,Halton,75
2021-05-08,Interior,57
2021-05-08,Island,17
2021-05-08,London,68
2021-05-08,LowerMainland,524
2021-05-08,Northern,25
2021-05-08,Toronto,613
2021-05-08,Waterloo,47
2021-05-09,Halton,67
2021-05-09,Interior,38
2021-05-09,Island,13
2021-05-09,London,55
2021-05-09,LowerMainland,507
2021-05-09,Northern,10
2021-05-09,Toronto,531
2021-05-09,Waterloo,46
2021-05-10,Halton,76
2021-05-10,Interior,61
2021-05-10,Island,12
2021-05-10,London,50
2021-05-10,LowerMainland,429
2021-05-10,Northern,16
2021-05-10,Toronto,569
2021-05-10,Waterloo,59
2021-05-11,Halton,69
2021-05-11,Interior,42
2021-05-11,Island,10
2021-05-11,London,45
2021-05-11,LowerMainland,517
2021-05-11,Northern,6
2021-05-11,Toronto,501
2021-05-11,Waterloo,52
2021-05-12,Halton,66
2021-05-12,Interior,60
2021-05-12,Island,19
2021-05-12,London,25
2021-05-12,LowerMainland,508
2021-05-12,Northern,18
2021-05-12,Toronto,468
2021-05-12,Waterloo,49
2021-05-13,Halton,50
2021-05-13,Interior,33
2021-05-13,Island,8
2021-05-13,London,42
2021-05-13,LowerMainland,418
2021-05-13,Northern,22
2021-05-13,Toronto,348
2021-05-13,Waterloo,38
2021-05-14,Halton,41
2021-05-14,Interior,42
2021-05-14,Island,18
2021-05-14,London,25
2021-05-14,LowerMainland,379
2021-05-14,Northern,15
2021-05-14,Toronto,327
2021-05-14,Waterloo,30
2021-05-15,Halton,21
2021-05-15,Interior,52
2021-05-15,Island,9
2021-05-15,London,18
2021-05-15,LowerMainland,419
2021-05-15,Northern,13
2021-05-15,Toronto,214
2021-05-15,Waterloo,26
2021-05-16,Halton,25
2021-05-16,Interior,39
2021-05-16,Island,13
2021-05-16,London,16
2021-05-16,LowerMainland,371
2021-05-16,Northern,18
2021-05-16,Toronto,287
2021-05-16,Waterloo,34
2021-05-17,Interior,54
2021-05-17,Island,11
2021-05-17,LowerMainland,304
2021-05-17,Northern,10
2021-05-17,Toronto,7
